M,N,K,L,max_gflops,avg_us,a_major,b_major,c_major,cta_m,cta_n,cta_k,stages,atom_m,atom_n,atom_k
64,64,4096,1,1586.0600968526842,21.15583896636963,m,n,n,32,8,256,4,1,1,1
64,64,8192,1,1773.160187236257,37.84703969955444,m,n,n,32,8,256,4,1,1,1
128,64,8192,1,3559.804360429112,37.703680992126465,m,n,n,32,8,256,4,1,1,1
240,240,240,1,3658.536717464815,7.557119727134705,m,n,n,32,128,32,6,2,2,1
256,256,256,1,4488.766945874548,7.475200295448303,m,n,n,32,128,32,4,2,2,1
512,768,3072,1,33361.08676070546,72.41727828979492,m,n,n,64,128,64,3,2,2,1
768,768,768,1,40658.82281635255,22.282240390777588,m,n,n,64,128,64,3,2,2,1
16384,64,256,1,20321.23961995225,26.419200897216797,m,n,n,128,16,16,5,2,2,1
16384,64,512,1,24105.19506374687,44.54400062561035,m,n,n,128,16,32,3,2,2,1
