M,N,K,L,a_major,b_major,c_major,cta_m,cta_n,cta_k,stages,atom_m,atom_n,atom_k,avg_us,gflops
64,64,4096,1,m,n,n,16,128,16,3,1,1,1,123.04384231567383,272.7030574509758
64,64,4096,1,m,n,n,16,128,16,4,1,1,1,121.81504249572754,275.4539284520372
64,64,4096,1,m,n,n,16,128,16,5,1,1,1,122.47424125671387,273.9713400605418
64,64,4096,1,m,n,n,16,128,16,6,1,1,1,123.74015808105469,271.16849146111906
64,64,4096,1,m,n,n,16,128,32,3,1,1,1,120.93440055847168,277.45977856628525
64,64,4096,1,m,n,n,16,128,32,4,1,1,1,124.14976119995117,270.2738344051942
64,64,4096,1,m,n,n,16,128,32,5,1,1,1,119.4803237915039,280.8364669194679
64,64,4096,1,m,n,n,16,128,32,6,1,1,1,119.15264129638672,281.60879721109075
64,64,4096,1,m,n,n,16,128,64,3,1,1,1,111.82080268859863,300.0732528583543
64,64,4096,1,m,n,n,16,128,64,4,1,1,1,108.70783805847168,308.66616979312727
64,64,4096,1,m,n,n,16,128,64,5,1,1,1,109.52704429626465,306.35750481166195
64,64,4096,1,m,n,n,32,8,16,3,1,1,1,53.06367874145508,632.3427398143466
64,64,4096,1,m,n,n,32,8,16,4,1,1,1,54.59968090057373,614.5536282730806
64,64,4096,1,m,n,n,32,8,16,5,1,1,1,55.070719718933105,609.2971395916607
64,64,4096,1,m,n,n,32,8,16,6,1,1,1,53.45280170440674,627.7394435853064
64,64,4096,1,m,n,n,32,8,32,3,1,1,1,32.95232057571411,1018.2722009790608
64,64,4096,1,m,n,n,32,8,32,4,1,1,1,33.91040086746216,989.5026641279338
64,64,4096,1,m,n,n,32,8,32,5,1,1,1,34.160640239715576,982.2541897499102
64,64,4096,1,m,n,n,32,8,32,6,1,1,1,34.95935916900635,959.8125594289526
64,64,4096,1,m,n,n,32,8,64,3,1,1,1,27.11616039276123,1237.433010941973
64,64,4096,1,m,n,n,32,8,64,4,1,1,1,27.013120651245117,1242.153116376555
64,64,4096,1,m,n,n,32,8,64,5,1,1,1,26.705920696258545,1256.4416850343198
64,64,4096,1,m,n,n,32,8,64,6,1,1,1,27.197439670562744,1233.7349547030258
64,64,4096,1,m,n,n,32,8,128,3,1,1,1,23.244800567626953,1443.5241938247163
64,64,4096,1,m,n,n,32,8,128,4,1,1,1,23.203840255737305,1446.0723582900655
64,64,4096,1,m,n,n,32,8,128,5,1,1,1,22.958080768585205,1461.5521366191188
64,64,4096,1,m,n,n,32,8,128,6,1,1,1,23.306241035461426,1439.718740956361
64,64,4096,1,m,n,n,32,8,256,3,1,1,1,21.565439701080322,1555.9354441689907
64,64,4096,1,m,n,n,32,8,256,4,1,1,1,21.15583896636963,1586.0600968526842
64,64,4096,1,m,n,n,32,128,16,3,1,1,1,200.13055801391602,167.6627114469286
64,64,4096,1,m,n,n,32,128,16,4,1,1,1,199.06560897827148,168.55966317950256
64,64,4096,1,m,n,n,32,128,16,5,1,1,1,200.00768661499023,167.76571224780696
64,64,4096,1,m,n,n,32,128,16,6,1,1,1,202.6700782775879,165.5618445760012
64,64,4096,1,m,n,n,32,128,32,3,1,1,1,191.85663223266602,174.8932607099466
64,64,4096,1,m,n,n,32,128,32,3,2,2,1,68.54656219482422,489.51298103953076
64,64,4096,1,m,n,n,32,128,32,4,1,1,1,194.0070343017578,172.95471847587527
64,64,4096,1,m,n,n,32,128,32,4,2,2,1,73.9737606048584,453.59911035530394
64,64,4096,1,m,n,n,32,128,32,5,1,1,1,193.43360900878906,173.4674350126786
64,64,4096,1,m,n,n,32,128,32,5,2,2,1,73.37984085083008,457.27043846021684
64,64,4096,1,m,n,n,32,128,32,6,1,1,1,198.96320343017578,168.64642014962132
64,64,4096,1,m,n,n,32,128,32,6,2,2,1,70.73791980743408,474.3485826462437
64,64,4096,1,m,n,n,32,128,64,3,1,1,1,193.00352096557617,173.8539889434697
64,64,4096,1,m,n,n,32,128,64,3,2,2,1,64.88255977630615,517.1564148468357
64,64,4096,1,m,n,n,32,128,64,4,1,1,1,188.2111930847168,178.2807464851287
64,64,4096,1,m,n,n,32,128,64,4,2,2,1,65.20832061767578,514.5728594473958
64,64,4096,1,m,n,n,32,256,32,3,2,2,1,121.73312187194824,275.63929589595256
64,64,4096,1,m,n,n,32,256,32,4,2,2,1,121.75359725952148,275.5929414428529
64,64,4096,1,m,n,n,32,256,32,5,2,2,1,122.30655670166016,274.34695984327834
64,64,4096,1,m,n,n,64,8,16,3,1,1,1,66.39616012573242,505.3670564149941
64,64,4096,1,m,n,n,64,8,16,4,1,1,1,68.38272094726562,490.6858272848781
64,64,4096,1,m,n,n,64,8,16,5,1,1,1,70.98368167877197,472.7062784915343
64,64,4096,1,m,n,n,64,8,16,6,1,1,1,68.75135898590088,488.05481804194073
64,64,4096,1,m,n,n,64,8,32,3,1,1,1,52.449278831481934,639.7501118711176
64,64,4096,1,m,n,n,64,8,32,4,1,1,1,53.69855880737305,624.8665279894408
64,64,4096,1,m,n,n,64,8,32,5,1,1,1,52.63360023498535,637.5097247802651
64,64,4096,1,m,n,n,64,8,32,6,1,1,1,53.06367874145508,632.3427398143466
64,64,4096,1,m,n,n,64,8,64,3,1,1,1,43.21280002593994,776.4928905291447
64,64,4096,1,m,n,n,64,8,64,4,1,1,1,43.581438064575195,769.9248462219615
64,64,4096,1,m,n,n,64,8,64,5,1,1,1,43.88864040374756,764.5356905869169
64,64,4096,1,m,n,n,64,8,64,6,1,1,1,43.04895877838135,779.4481667428996
64,64,4096,1,m,n,n,64,8,128,3,1,1,1,40.16128063201904,835.492082721295
64,64,4096,1,m,n,n,64,8,128,4,1,1,1,40.10047912597656,836.7588799771692
64,64,4096,1,m,n,n,64,8,128,5,1,1,1,40.714240074157715,824.1448677141781
64,64,4096,1,m,n,n,64,16,16,3,2,2,1,69.09952163696289,485.59572056503185
64,64,4096,1,m,n,n,64,16,16,4,2,2,1,71.4137601852417,469.85947684259213
64,64,4096,1,m,n,n,64,16,16,5,2,2,1,71.53664112091064,469.0523831456746
64,64,4096,1,m,n,n,64,16,16,6,2,2,1,64.51200008392334,520.1269834503535
64,64,4096,1,m,n,n,64,16,32,3,2,2,1,43.80671977996826,765.9654082418566
64,64,4096,1,m,n,n,64,16,32,4,2,2,1,41.98400020599365,799.2195082737675
64,64,4096,1,m,n,n,64,16,32,5,2,2,1,43.54047775268555,770.6491460794867
64,64,4096,1,m,n,n,64,16,32,6,2,2,1,47.8220796585083,701.6514597359243
64,64,4096,1,m,n,n,64,16,64,3,2,2,1,32.829439640045166,1022.0836044691573
64,64,4096,1,m,n,n,64,16,64,4,2,2,1,32.727038860321045,1025.2816377066765
64,64,4096,1,m,n,n,64,16,64,5,2,2,1,32.74751901626587,1024.640431030312
64,64,4096,1,m,n,n,64,16,64,6,2,2,1,32.870399951934814,1020.8099703400452
64,64,4096,1,m,n,n,64,16,128,3,2,2,1,28.15999984741211,1191.563642820248
64,64,4096,1,m,n,n,64,16,128,4,2,2,1,28.202879428863525,1189.751992686944
64,64,4096,1,m,n,n,64,128,16,3,1,1,1,573.6038589477539,58.497570189910924
64,64,4096,1,m,n,n,64,128,16,3,2,2,1,124.10880088806152,270.3630343690455
64,64,4096,1,m,n,n,64,128,16,4,1,1,1,579.788818359375,57.873541085095056
64,64,4096,1,m,n,n,64,128,16,4,2,2,1,125.70624351501463,266.92733043122223
64,64,4096,1,m,n,n,64,128,16,5,1,1,1,580.0960159301758,57.84289338066896
64,64,4096,1,m,n,n,64,128,16,5,2,2,1,126.09536170959473,266.1036182859596
64,64,4096,1,m,n,n,64,128,16,6,1,1,1,579.172477722168,57.93512863726967
64,64,4096,1,m,n,n,64,128,16,6,2,2,1,128.10239791870117,261.93445669373784
64,64,4096,1,m,n,n,64,128,32,3,1,1,1,718.3309173583984,46.71166337012697
64,64,4096,1,m,n,n,64,128,32,3,2,2,1,106.12735748291016,316.1713699071733
64,64,4096,1,m,n,n,64,128,32,4,1,1,1,711.3523101806641,47.16992061427072
64,64,4096,1,m,n,n,64,128,32,4,2,2,1,106.61888122558594,314.71378816107625
64,64,4096,1,m,n,n,64,128,32,5,1,1,1,557.6716613769531,60.16879523185809
64,64,4096,1,m,n,n,64,128,32,5,2,2,1,105.88159561157227,316.9052355717682
64,64,4096,1,m,n,n,64,128,32,6,1,1,1,717.7830505371094,46.74731727768101
64,64,4096,1,m,n,n,64,128,32,6,2,2,1,105.55392265319824,317.8890102478187
64,64,4096,1,m,n,n,64,128,64,3,1,1,1,756.83837890625,44.33500326515077
64,64,4096,1,m,n,n,64,128,64,3,2,2,1,94.94527816772461,353.408117260184
64,64,4096,1,m,n,n,64,128,64,4,1,1,1,764.7232055664062,43.877878630801185
64,64,4096,1,m,n,n,64,128,64,4,2,2,1,94.87872123718262,353.6560312203085
64,64,4096,1,m,n,n,64,256,16,3,2,2,1,209.83808517456055,159.906300956219
64,64,4096,1,m,n,n,64,256,16,4,2,2,1,212.37760543823242,157.99421003340638
64,64,4096,1,m,n,n,64,256,16,5,2,2,1,214.4870376586914,156.4403721841431
64,64,4096,1,m,n,n,64,256,16,6,2,2,1,206.2950325012207,162.6526416713473
64,64,4096,1,m,n,n,64,256,32,3,2,2,1,189.35808181762695,177.2009500619925
64,64,4096,1,m,n,n,64,256,32,4,2,2,1,189.6076774597168,176.96768638036204
64,64,4096,1,m,n,n,128,8,16,3,1,1,1,103.99999618530273,322.63878106508923
64,64,4096,1,m,n,n,128,8,16,4,1,1,1,104.91904258728027,319.812601912438
64,64,4096,1,m,n,n,128,8,16,5,1,1,1,107.92960166931152,310.8918357987491
64,64,4096,1,m,n,n,128,8,16,6,1,1,1,111.67743682861328,300.4584717635899
64,64,4096,1,m,n,n,128,8,32,3,1,1,1,79.19616222381592,423.6876012397163
64,64,4096,1,m,n,n,128,8,32,4,1,1,1,79.23711776733398,423.4686084686567
64,64,4096,1,m,n,n,128,8,32,5,1,1,1,75.0387191772461,447.1615769552564
64,64,4096,1,m,n,n,128,8,32,6,1,1,1,75.4252815246582,444.8698277517242
64,64,4096,1,m,n,n,128,8,64,3,1,1,1,72.88832187652588,460.3540201795537
64,64,4096,1,m,n,n,128,8,64,4,1,1,1,76.8614387512207,436.55742782289644
64,64,4096,1,m,n,n,128,8,64,5,1,1,1,77.49631881713867,432.98097912464044
64,64,4096,1,m,n,n,128,16,16,3,2,2,1,81.73567771911621,410.5236897320342
64,64,4096,1,m,n,n,128,16,16,4,2,2,1,82.73920059204102,405.5445515535683
64,64,4096,1,m,n,n,128,16,16,5,2,2,1,85.1968002319336,393.84615277397563
64,64,4096,1,m,n,n,128,16,16,6,2,2,1,75.24352073669434,445.94447032083605
64,64,4096,1,m,n,n,128,16,32,3,2,2,1,54.25151824951172,618.4975662004077
64,64,4096,1,m,n,n,128,16,32,4,2,2,1,54.27199840545654,618.2641691083633
64,64,4096,1,m,n,n,128,16,32,5,2,2,1,56.19711875915527,597.0845612887142
64,64,4096,1,m,n,n,128,16,32,6,2,2,1,55.33696174621582,606.3656359358146
64,64,4096,1,m,n,n,128,16,64,3,2,2,1,49.11104202270508,683.2360018850155
64,64,4096,1,m,n,n,128,16,64,4,2,2,1,48.312320709228516,694.5315709826895
64,64,4096,1,m,n,n,128,16,64,5,2,2,1,50.032639503479004,670.6508457877144
64,64,4096,1,m,n,n,128,128,16,3,1,1,1,2304.0818786621094,14.563038019935192
64,64,4096,1,m,n,n,128,128,16,3,2,2,1,174.7148895263672,192.05250388769022
64,64,4096,1,m,n,n,128,128,16,4,1,1,1,2307.0924377441406,14.54403449599501
64,64,4096,1,m,n,n,128,128,16,4,2,2,1,175.88224411010742,190.777825071381
64,64,4096,1,m,n,n,128,128,16,5,1,1,1,2297.876434326172,14.602365688057326
64,64,4096,1,m,n,n,128,128,16,5,2,2,1,175.18144607543945,191.54101505447244
64,64,4096,1,m,n,n,128,128,16,6,1,1,1,2292.6541137695312,14.635627676444637
64,64,4096,1,m,n,n,128,128,16,6,2,2,1,188.94847869873047,177.58508685058524
64,64,4096,1,m,n,n,128,128,32,3,1,1,1,2318.0697631835938,14.475160555097778
64,64,4096,1,m,n,n,128,128,32,3,2,2,1,157.1225643157959,213.55578141252815
64,64,4096,1,m,n,n,128,128,32,4,1,1,1,2334.8634338378906,14.371046937355773
64,64,4096,1,m,n,n,128,128,32,4,2,2,1,158.1670379638672,212.14554202921482
64,64,4096,1,m,n,n,128,128,32,5,1,1,1,2251.0182189941406,14.906335149518993
64,64,4096,1,m,n,n,128,128,32,5,2,2,1,160.62463760375977,208.89965886039508
64,64,4096,1,m,n,n,128,128,32,6,1,1,1,2340.2291870117188,14.338096536111605
64,64,4096,1,m,n,n,128,128,32,6,2,2,1,162.42687225341797,206.58177759926613
64,64,4096,1,m,n,n,128,128,64,3,1,1,1,2304.962615966797,14.557473413045303
64,64,4096,1,m,n,n,128,128,64,3,2,2,1,153.23200225830078,218.97796482119853
64,64,4096,1,m,n,n,128,256,16,3,2,2,1,1285.7139587402344,26.09789819259428
64,64,4096,1,m,n,n,128,256,16,4,2,2,1,1289.2774963378906,26.02576411618848
64,64,4096,1,m,n,n,128,256,16,5,2,2,1,1304.1459655761719,25.729046353469833
64,64,4096,1,m,n,n,128,256,16,6,2,2,1,1357.3324584960938,24.720864656237474
64,64,4096,1,m,n,n,128,256,32,3,2,2,1,1172.1721649169922,28.62585634114266
64,64,4096,1,m,n,n,128,256,32,4,2,2,1,1175.1219177246094,28.554000647840446
64,64,4096,1,m,n,n,256,8,16,3,1,1,1,173.07647705078125,193.87055116770728
64,64,4096,1,m,n,n,256,8,16,4,1,1,1,175.59551239013672,191.08934814603367
64,64,4096,1,m,n,n,256,8,16,5,1,1,1,166.88703536987305,201.06074702347638
64,64,4096,1,m,n,n,256,8,16,6,1,1,1,167.03487396240234,200.8827929403097
64,64,4096,1,m,n,n,256,8,32,3,1,1,1,148.91008377075195,225.33351100424645
64,64,4096,1,m,n,n,256,8,32,4,1,1,1,145.01888275146484,231.37974423307344
64,64,4096,1,m,n,n,256,8,32,5,1,1,1,145.53088188171387,230.5657161293967
64,64,4096,1,m,n,n,256,8,32,6,1,1,1,146.59584045410156,228.89075089757222
64,64,4096,1,m,n,n,256,8,64,3,1,1,1,163.24607849121094,205.54510289082717
64,64,4096,1,m,n,n,256,16,16,3,2,2,1,109.52704429626465,306.35750481166195
64,64,4096,1,m,n,n,256,16,16,4,2,2,1,143.95392417907715,233.0914713951017
64,64,4096,1,m,n,n,256,16,16,5,2,2,1,149.35487747192383,224.66244536478337
64,64,4096,1,m,n,n,256,16,16,6,2,2,1,113.37727546691895,295.9537690583372
64,64,4096,1,m,n,n,256,16,32,3,2,2,1,121.67167663574219,275.77849609531125
64,64,4096,1,m,n,n,256,16,32,4,2,2,1,116.94080352783203,286.9351927448832
64,64,4096,1,m,n,n,256,16,32,5,2,2,1,122.57280349731445,273.75103646654514
64,64,4096,1,m,n,n,256,128,16,3,1,1,1,4390.072326660156,7.643252662656533
64,64,4096,1,m,n,n,256,128,16,3,2,2,1,1032.5811004638672,32.495686764871365
64,64,4096,1,m,n,n,256,128,16,4,1,1,1,4402.298889160156,7.622024956692869
64,64,4096,1,m,n,n,256,128,16,4,2,2,1,1030.1439666748047,32.57256566604971
64,64,4096,1,m,n,n,256,128,16,5,1,1,1,4516.925354003906,7.428600069792295
64,64,4096,1,m,n,n,256,128,16,5,2,2,1,1041.8790435791016,32.20568856508772
64,64,8192,1,m,n,n,16,128,16,3,1,1,1,243.85536193847656,275.19946031341
64,64,8192,1,m,n,n,16,128,16,4,1,1,1,241.52063369750977,277.8597545584857
64,64,8192,1,m,n,n,16,128,16,5,1,1,1,242.7903938293457,276.4065865273483
64,64,8192,1,m,n,n,16,128,16,6,1,1,1,245.10143280029297,273.8003741278814
64,64,8192,1,m,n,n,16,128,32,3,1,1,1,239.77983474731445,279.87701330564715
64,64,8192,1,m,n,n,16,128,32,4,1,1,1,246.35391235351562,272.40835495114607
64,64,8192,1,m,n,n,16,128,32,5,1,1,1,236.73343658447266,283.47860348005304
64,64,8192,1,m,n,n,16,128,32,6,1,1,1,235.86816787719727,284.51852831171203
64,64,8192,1,m,n,n,16,128,64,3,1,1,1,220.28287887573242,304.6485697958303
64,64,8192,1,m,n,n,16,128,64,4,1,1,1,213.25824737548828,314.68355773289284
64,64,8192,1,m,n,n,16,128,64,5,1,1,1,214.5689582824707,312.7612891313668
64,64,8192,1,m,n,n,32,8,16,3,1,1,1,103.99744033813477,645.2934205092344
64,64,8192,1,m,n,n,32,8,16,4,1,1,1,107.06944465637207,626.7788556798695
64,64,8192,1,m,n,n,32,8,16,5,1,1,1,108.13440322875977,620.60604207553
64,64,8192,1,m,n,n,32,8,16,6,1,1,1,104.77567672729492,640.5004109366691
64,64,8192,1,m,n,n,32,8,32,3,1,1,1,63.45088005065919,1057.650641668331
64,64,8192,1,m,n,n,32,8,32,4,1,1,1,65.2288007736206,1028.8225937635161
64,64,8192,1,m,n,n,32,8,32,5,1,1,1,65.86368083953857,1018.9054596492265
64,64,8192,1,m,n,n,32,8,32,6,1,1,1,67.42464065551758,995.3165986136888
64,64,8192,1,m,n,n,32,8,64,3,1,1,1,51.63008213043213,1299.8016123713326
64,64,8192,1,m,n,n,32,8,64,4,1,1,1,51.553921699523926,1301.7218048150876
64,64,8192,1,m,n,n,32,8,64,5,1,1,1,50.769920349121094,1321.8233067636033
64,64,8192,1,m,n,n,32,8,64,6,1,1,1,51.609601974487305,1300.3174105697349
64,64,8192,1,m,n,n,32,8,128,3,1,1,1,43.19231986999512,1553.7221478723873
64,64,8192,1,m,n,n,32,8,128,4,1,1,1,43.274240493774414,1550.7808625700668
64,64,8192,1,m,n,n,32,8,128,5,1,1,1,42.045440673828125,1596.1032379373542
64,64,8192,1,m,n,n,32,8,128,6,1,1,1,42.393598556518555,1582.9952229823425
64,64,8192,1,m,n,n,32,8,256,3,1,1,1,39.034879207611084,1719.2025532620328
64,64,8192,1,m,n,n,32,8,256,4,1,1,1,37.84703969955444,1773.160187236257
64,64,8192,1,m,n,n,32,128,16,3,1,1,1,398.7251281738281,168.30858969777103
64,64,8192,1,m,n,n,32,128,16,4,1,1,1,394.9772644042969,169.90563773642344
64,64,8192,1,m,n,n,32,128,16,5,1,1,1,399.3804931640625,168.0324030558803
64,64,8192,1,m,n,n,32,128,16,6,1,1,1,402.9235076904297,166.5548490448476
64,64,8192,1,m,n,n,32,128,32,3,1,1,1,381.37855529785156,175.963915820041
64,64,8192,1,m,n,n,32,128,32,3,2,2,1,134.18496131896973,500.12209520615505
64,64,8192,1,m,n,n,32,128,32,4,1,1,1,385.5974578857422,174.0386577441734
64,64,8192,1,m,n,n,32,128,32,4,2,2,1,145.30559539794922,461.84638531096203
64,64,8192,1,m,n,n,32,128,32,5,1,1,1,384.2252731323242,174.66020247160634
64,64,8192,1,m,n,n,32,128,32,5,2,2,1,142.13120460510254,472.16136798710266
64,64,8192,1,m,n,n,32,128,32,6,1,1,1,395.3459167480469,169.74720404857084
64,64,8192,1,m,n,n,32,128,32,6,2,2,1,138.83392333984375,483.3751174468216
64,64,8192,1,m,n,n,32,128,64,3,1,1,1,382.1772766113281,175.5961646779154
64,64,8192,1,m,n,n,32,128,64,3,2,2,1,126.99647903442381,528.4309022599705
64,64,8192,1,m,n,n,32,128,64,4,1,1,1,371.75296783447266,180.5200490823815
64,64,8192,1,m,n,n,32,128,64,4,2,2,1,127.10399627685548,527.9839026762367
64,64,8192,1,m,n,n,32,256,32,3,2,2,1,240.33279418945312,279.2330702363425
64,64,8192,1,m,n,n,32,256,32,4,2,2,1,240.08703231811523,279.51890342449144
64,64,8192,1,m,n,n,32,256,32,5,2,2,1,240.94720840454102,278.52102725891234
64,64,8192,1,m,n,n,64,8,16,3,1,1,1,131.1903953552246,511.53793551951077
64,64,8192,1,m,n,n,64,8,16,4,1,1,1,134.96319770812988,497.2382482010317
64,64,8192,1,m,n,n,64,8,16,5,1,1,1,140.28800010681152,478.36496313943536
64,64,8192,1,m,n,n,64,8,16,6,1,1,1,135.90527534484863,493.7914575406782
64,64,8192,1,m,n,n,64,8,32,3,1,1,1,103.01440238952637,651.4512771354296
64,64,8192,1,m,n,n,64,8,32,4,1,1,1,104.9407958984375,639.4926151022189
64,64,8192,1,m,n,n,64,8,32,5,1,1,1,103.32159996032715,649.5143709134207
64,64,8192,1,m,n,n,64,8,32,6,1,1,1,103.95648002624512,645.5476751719327
64,64,8192,1,m,n,n,64,8,64,3,1,1,1,83.66080284118652,802.1541955244309
64,64,8192,1,m,n,n,64,8,64,4,1,1,1,84.07039642333984,798.2460753731982
64,64,8192,1,m,n,n,64,8,64,5,1,1,1,84.50048446655273,794.1831863291063
64,64,8192,1,m,n,n,64,8,64,6,1,1,1,82.39104270935059,814.5165031681751
64,64,8192,1,m,n,n,64,8,128,3,1,1,1,76.39039993286133,878.498660289529
64,64,8192,1,m,n,n,64,8,128,4,1,1,1,75.30496120452881,891.1612585222884
64,64,8192,1,m,n,n,64,8,128,5,1,1,1,75.92000007629395,883.9418326206611
64,64,8192,1,m,n,n,64,16,16,3,2,2,1,135.67999839782715,494.61132659531864
64,64,8192,1,m,n,n,64,16,16,4,2,2,1,140.36992073059082,478.08578683178644
64,64,8192,1,m,n,n,64,16,16,5,2,2,1,140.63615798950195,477.1807262042061
64,64,8192,1,m,n,n,64,16,16,6,2,2,1,126.66879653930663,529.7979126151674
64,64,8192,1,m,n,n,64,16,32,3,2,2,1,85.09247779846191,788.6580075731798
64,64,8192,1,m,n,n,64,16,32,4,2,2,1,81.40800476074219,824.352153049724
64,64,8192,1,m,n,n,64,16,32,5,2,2,1,84.54143524169922,793.7984942902795
64,64,8192,1,m,n,n,64,16,32,6,2,2,1,93.06495666503906,721.0970316307065
64,64,8192,1,m,n,n,64,16,64,3,2,2,1,62.99647808074951,1065.2796163299668
64,64,8192,1,m,n,n,64,16,64,4,2,2,1,62.8326416015625,1068.0573391383748
64,64,8192,1,m,n,n,64,16,64,5,2,2,1,62.85312175750732,1067.709321724889
64,64,8192,1,m,n,n,64,16,64,6,2,2,1,62.79168128967286,1068.7540550222084
64,64,8192,1,m,n,n,64,16,128,3,2,2,1,52.98175811767578,1266.640941792589
64,64,8192,1,m,n,n,64,16,128,4,2,2,1,53.0841588973999,1264.1975571225832
64,64,8192,1,m,n,n,64,128,16,3,1,1,1,1142.6815795898438,58.72927786591973
64,64,8192,1,m,n,n,64,128,16,3,2,2,1,245.53472518920898,273.3172016637807
64,64,8192,1,m,n,n,64,128,16,4,1,1,1,1154.9081420898438,58.10753388452552
64,64,8192,1,m,n,n,64,128,16,4,2,2,1,248.7500762939453,269.7842951440874
64,64,8192,1,m,n,n,64,128,16,5,1,1,1,1155.5430603027344,58.07560644466033
64,64,8192,1,m,n,n,64,128,16,5,2,2,1,249.21791076660156,269.2778532392442
64,64,8192,1,m,n,n,64,128,16,6,1,1,1,1153.617935180664,58.172521381171414
64,64,8192,1,m,n,n,64,128,16,6,2,2,1,253.43999862670896,264.79192062672183
64,64,8192,1,m,n,n,64,128,32,3,1,1,1,1418.0805969238281,47.323730502748525
64,64,8192,1,m,n,n,64,128,32,3,2,2,1,209.18272018432617,320.8145679569779
64,64,8192,1,m,n,n,64,128,32,4,1,1,1,1442.344970703125,46.5276098042518
64,64,8192,1,m,n,n,64,128,32,4,2,2,1,194.150390625,345.6540251295207
64,64,8192,1,m,n,n,64,128,32,5,1,1,1,1110.650863647461,60.42300618180717
64,64,8192,1,m,n,n,64,128,32,5,2,2,1,208.6911964416504,321.57017231325085
64,64,8192,1,m,n,n,64,128,32,6,1,1,1,1429.1352844238281,46.95767064981234
64,64,8192,1,m,n,n,64,128,32,6,2,2,1,194.4166374206543,345.18066401281425
64,64,8192,1,m,n,n,64,128,64,3,1,1,1,1482.27783203125,45.27414668816635
64,64,8192,1,m,n,n,64,128,64,3,2,2,1,186.5727996826172,359.69264605644696
64,64,8192,1,m,n,n,64,128,64,4,1,1,1,1515.3765869140625,44.285271779644944
64,64,8192,1,m,n,n,64,128,64,4,2,2,1,186.2656021118164,360.2858672730896
64,64,8192,1,m,n,n,64,256,16,3,2,2,1,416.5631866455078,161.10128343412435
64,64,8192,1,m,n,n,64,256,16,4,2,2,1,421.4982223510742,159.2150581933029
64,64,8192,1,m,n,n,64,256,16,5,2,2,1,425.7382583618164,157.629394779379
64,64,8192,1,m,n,n,64,256,16,6,2,2,1,409.354248046875,163.93835979519477
64,64,8192,1,m,n,n,64,256,32,3,2,2,1,375.1513671875,178.88476457679843
64,64,8192,1,m,n,n,64,256,32,4,2,2,1,375.86944580078125,178.54301473487982
64,64,8192,1,m,n,n,128,8,16,3,1,1,1,205.80352783203125,326.0821848242156
64,64,8192,1,m,n,n,128,8,16,4,1,1,1,206.97088241577148,324.24302016159453
64,64,8192,1,m,n,n,128,8,16,5,1,1,1,213.64736557006836,314.11042125857995
64,64,8192,1,m,n,n,128,8,16,6,1,1,1,221.01568222045898,303.63847183052
64,64,8192,1,m,n,n,128,8,32,3,1,1,1,155.72992324829102,430.93107991200696
64,64,8192,1,m,n,n,128,8,32,4,1,1,1,155.8732795715332,430.5347535156112
64,64,8192,1,m,n,n,128,8,32,5,1,1,1,148.15232276916504,452.97206783967744
64,64,8192,1,m,n,n,128,8,32,6,1,1,1,148.50048065185547,451.9100793843895
64,64,8192,1,m,n,n,128,8,64,3,1,1,1,141.7625617980957,473.38918787020305
64,64,8192,1,m,n,n,128,8,64,4,1,1,1,149.58592414855957,448.6308747429444
64,64,8192,1,m,n,n,128,8,64,5,1,1,1,150.15935897827148,446.91762442666567
64,64,8192,1,m,n,n,128,16,16,3,2,2,1,161.11616134643555,416.5247200477985
64,64,8192,1,m,n,n,128,16,16,4,2,2,1,163.73760223388672,409.8561545083584
64,64,8192,1,m,n,n,128,16,16,5,2,2,1,167.9155158996582,399.65850469769845
64,64,8192,1,m,n,n,128,16,16,6,2,2,1,147.8451156616211,453.9132977080872
64,64,8192,1,m,n,n,128,16,32,3,2,2,1,105.73247909545898,634.7043460450008
64,64,8192,1,m,n,n,128,16,32,4,2,2,1,105.71776390075684,634.7926925790715
64,64,8192,1,m,n,n,128,16,32,5,2,2,1,109.71136093139648,611.6856397576162
64,64,8192,1,m,n,n,128,16,32,6,2,2,1,107.45856285095215,624.5092268084933
64,64,8192,1,m,n,n,128,16,64,3,2,2,1,95.0271987915039,706.206905532819
64,64,8192,1,m,n,n,128,16,64,4,2,2,1,93.06112289428711,721.1267381356702
64,64,8192,1,m,n,n,128,16,64,5,2,2,1,96.11264228820801,698.2313918575261
64,64,8192,1,m,n,n,128,128,16,3,1,1,1,4436.0498046875,15.128068203627286
64,64,8192,1,m,n,n,128,128,16,3,2,2,1,346.5011215209961,193.67574830759548
64,64,8192,1,m,n,n,128,128,16,4,1,1,1,4466.831359863281,15.023818584916098
64,64,8192,1,m,n,n,128,128,16,4,2,2,1,349.30686950683594,192.12008081818354
64,64,8192,1,m,n,n,128,128,16,5,1,1,1,4462.8582763671875,15.037193619920933
64,64,8192,1,m,n,n,128,128,16,5,2,2,1,347.52513885498047,193.1050634814767
64,64,8192,1,m,n,n,128,128,16,6,1,1,1,4583.7518310546875,14.640597151298818
64,64,8192,1,m,n,n,128,128,16,6,2,2,1,348.5081481933594,192.56038731917008
64,64,8192,1,m,n,n,128,128,32,3,1,1,1,4263.219299316406,15.741358651374254
64,64,8192,1,m,n,n,128,128,32,3,2,2,1,312.54528045654297,214.71725281524763
64,64,8192,1,m,n,n,128,128,32,4,1,1,1,4657.500305175781,14.408772861576272
64,64,8192,1,m,n,n,128,128,32,4,2,2,1,314.94720458984375,213.0797258143503
64,64,8192,1,m,n,n,128,128,32,5,1,1,1,4475.685119628906,14.994098603067997
64,64,8192,1,m,n,n,128,128,32,5,2,2,1,318.2592010498047,210.8622901667439
64,64,8192,1,m,n,n,128,128,32,6,1,1,1,4466.606140136719,15.024576131072497
64,64,8192,1,m,n,n,128,128,32,6,2,2,1,321.24927520751953,208.89965886039508
64,64,8192,1,m,n,n,128,128,64,3,1,1,1,4330.495910644531,15.496808075731867
64,64,8192,1,m,n,n,128,128,64,3,2,2,1,303.18592071533203,221.34558175282157
64,64,8192,1,m,n,n,128,256,16,3,2,2,1,2566.1843872070312,26.15122449288983
64,64,8192,1,m,n,n,128,256,16,4,2,2,1,2469.9853515625,27.169741698082248
64,64,8192,1,m,n,n,128,256,16,5,2,2,1,2580.1931762695312,26.009240167446166
64,64,8192,1,m,n,n,128,256,16,6,2,2,1,2700.8819580078125,24.847018508539307
64,64,8192,1,m,n,n,128,256,32,3,2,2,1,2351.7593383789062,28.535600095143614
64,64,8192,1,m,n,n,128,256,32,4,2,2,1,2342.1133422851562,28.653123992079365
64,64,8192,1,m,n,n,256,8,16,3,1,1,1,344.4736099243164,194.8156899878175
64,64,8192,1,m,n,n,256,8,16,4,1,1,1,349.40929412841797,192.0637634078948
64,64,8192,1,m,n,n,256,8,16,5,1,1,1,330.87486267089844,202.82249143462192
64,64,8192,1,m,n,n,256,8,16,6,1,1,1,332.1036911010742,202.0720208724682
64,64,8192,1,m,n,n,256,8,32,3,1,1,1,293.21216583251953,228.87475971352447
64,64,8192,1,m,n,n,256,8,32,4,1,1,1,286.73919677734375,234.04147306763505
64,64,8192,1,m,n,n,256,8,32,5,1,1,1,286.167049407959,234.50940329726706
64,64,8192,1,m,n,n,256,8,32,6,1,1,1,287.7644729614258,233.20760658664008
64,64,8192,1,m,n,n,256,8,64,3,1,1,1,319.9225616455078,209.76596228421175
64,64,8192,1,m,n,n,256,16,16,3,2,2,1,216.22783660888672,310.3618158164651
64,64,8192,1,m,n,n,256,16,16,4,2,2,1,285.0201606750488,235.45304248323242
64,64,8192,1,m,n,n,256,16,16,5,2,2,1,295.731201171875,226.92520685701078
64,64,8192,1,m,n,n,256,16,16,6,2,2,1,223.66207122802734,300.04579512089623
64,64,8192,1,m,n,n,256,16,32,3,2,2,1,240.29184341430664,279.2806574141269
64,64,8192,1,m,n,n,256,16,32,4,2,2,1,230.35903930664062,291.32290272607264
64,64,8192,1,m,n,n,256,16,32,5,2,2,1,241.43871307373047,277.954032912304
64,64,8192,1,m,n,n,256,128,16,3,1,1,1,8213.975219726562,8.170083571573523
64,64,8192,1,m,n,n,256,128,16,3,2,2,1,2064.6092224121094,32.50439030859111
64,64,8192,1,m,n,n,256,128,16,4,1,1,1,8433.438720703125,7.957473365550808
64,64,8192,1,m,n,n,256,128,16,4,2,2,1,2064.3417358398438,32.50860205696411
64,64,8192,1,m,n,n,256,128,16,5,1,1,1,8353.058471679688,8.034046957473928
64,64,8192,1,m,n,n,256,128,16,5,2,2,1,2082.2425842285156,32.229128588715454
128,64,8192,1,m,n,n,16,128,16,3,1,1,1,244.03968811035156,549.9831975662438
128,64,8192,1,m,n,n,16,128,16,4,1,1,1,241.63776397705078,555.4501324252742
128,64,8192,1,m,n,n,16,128,16,5,1,1,1,242.7289581298828,552.9530923466532
128,64,8192,1,m,n,n,16,128,16,6,1,1,1,245.0841522216797,547.639358903139
128,64,8192,1,m,n,n,16,128,32,3,1,1,1,240.25087356567383,558.656565980439
128,64,8192,1,m,n,n,16,128,32,4,1,1,1,246.35391235351562,544.8167099022921
128,64,8192,1,m,n,n,16,128,32,5,1,1,1,236.72832489013672,566.9694493140571
128,64,8192,1,m,n,n,16,128,32,6,1,1,1,235.86816787719727,569.0370566234241
128,64,8192,1,m,n,n,16,128,64,3,1,1,1,220.20095825195312,609.5238143624632
128,64,8192,1,m,n,n,16,128,64,4,1,1,1,213.68831634521484,628.1004516090173
128,64,8192,1,m,n,n,16,128,64,5,1,1,1,214.60992813110352,625.4031636318682
128,64,8192,1,m,n,n,32,8,16,3,1,1,1,104.07936096191406,1289.5710231072087
128,64,8192,1,m,n,n,32,8,16,4,1,1,1,107.11039543151855,1253.0784473278563
128,64,8192,1,m,n,n,32,8,16,5,1,1,1,108.21632385253906,1240.272476663426
128,64,8192,1,m,n,n,32,8,16,6,1,1,1,104.79616165161133,1280.75041952585
128,64,8192,1,m,n,n,32,8,32,3,1,1,1,63.484158515930176,2114.1924400922876
128,64,8192,1,m,n,n,32,8,32,4,1,1,1,65.35168170928955,2053.776191973976
128,64,8192,1,m,n,n,32,8,32,5,1,1,1,65.92512130737305,2035.9117334682724
128,64,8192,1,m,n,n,32,8,32,6,1,1,1,67.46111869812012,1989.5568082795542
128,64,8192,1,m,n,n,32,8,64,3,1,1,1,51.814398765563965,2590.3557929384215
128,64,8192,1,m,n,n,32,8,64,4,1,1,1,51.73247814178467,2594.4577337305527
128,64,8192,1,m,n,n,32,8,64,5,1,1,1,50.91328144073486,2636.2026607189896
128,64,8192,1,m,n,n,32,8,64,6,1,1,1,51.63008213043213,2599.603224742665
128,64,8192,1,m,n,n,32,8,128,3,1,1,1,43.29472064971924,3100.094560856588
128,64,8192,1,m,n,n,32,8,128,4,1,1,1,43.29472064971924,3100.094560856588
128,64,8192,1,m,n,n,32,8,128,5,1,1,1,42.86464214324951,3131.1990789858287
128,64,8192,1,m,n,n,32,8,128,6,1,1,1,43.19231986999512,3107.4442957447745
128,64,8192,1,m,n,n,32,8,256,3,1,1,1,40.59135913848877,3306.559101459961
128,64,8192,1,m,n,n,32,8,256,4,1,1,1,37.703680992126465,3559.804360429112
128,64,8192,1,m,n,n,32,128,16,3,1,1,1,399.76959228515625,335.73771139717473
128,64,8192,1,m,n,n,32,128,16,4,1,1,1,396.4313507080078,338.5648681929253
128,64,8192,1,m,n,n,32,128,16,5,1,1,1,399.44190979003906,336.01313410140074
128,64,8192,1,m,n,n,32,128,16,6,1,1,1,403.86558532714844,332.3326692747982
128,64,8192,1,m,n,n,32,128,32,3,1,1,1,381.87007904052734,351.47484803530693
128,64,8192,1,m,n,n,32,128,32,3,2,2,1,134.3283176422119,999.1767213037949
128,64,8192,1,m,n,n,32,128,32,4,1,1,1,385.9455871582031,347.76334402026146
128,64,8192,1,m,n,n,32,128,32,4,2,2,1,145.6537628173828,921.4847965739064
128,64,8192,1,m,n,n,32,128,32,5,1,1,1,383.1193542480469,350.32875920202673
128,64,8192,1,m,n,n,32,128,32,5,2,2,1,145.44896125793457,922.7823068600851
128,64,8192,1,m,n,n,32,128,32,6,1,1,1,396.22657775878906,338.7398411262249
128,64,8192,1,m,n,n,32,128,32,6,2,2,1,139.6326446533203,961.2202671748827
128,64,8192,1,m,n,n,32,128,64,3,1,1,1,382.4415969848633,350.94960657564724
128,64,8192,1,m,n,n,32,128,64,3,2,2,1,127.16032028198244,1055.5000781876572
128,64,8192,1,m,n,n,32,128,64,4,1,1,1,373.0022430419922,359.83088708903534
128,64,8192,1,m,n,n,32,128,64,4,2,2,1,127.3036766052246,1054.311482426515
128,64,8192,1,m,n,n,32,256,32,3,2,2,1,240.49663543701172,558.0856786462315
128,64,8192,1,m,n,n,32,256,32,4,2,2,1,240.27135848999023,558.6089363439112
128,64,8192,1,m,n,n,32,256,32,5,2,2,1,241.1315155029297,556.6162835250346
128,64,8192,1,m,n,n,64,8,16,3,1,1,1,131.46112442016602,1020.9689639579191
128,64,8192,1,m,n,n,64,8,16,4,1,1,1,134.94272232055664,994.6273922143471
128,64,8192,1,m,n,n,64,8,16,5,1,1,1,140.63615798950195,954.3614524084122
128,64,8192,1,m,n,n,64,8,16,6,1,1,1,135.6390380859375,989.5213789039334
128,64,8192,1,m,n,n,64,8,32,3,1,1,1,103.0720043182373,1302.1744254201124
128,64,8192,1,m,n,n,64,8,32,4,1,1,1,105.47200202941895,1272.5436648349873
128,64,8192,1,m,n,n,64,8,32,5,1,1,1,103.34207534790039,1298.7713624693229
128,64,8192,1,m,n,n,64,8,32,6,1,1,1,104.07936096191406,1289.5710231072087
128,64,8192,1,m,n,n,64,8,64,3,1,1,1,83.86560440063477,1600.3906364142788
128,64,8192,1,m,n,n,64,8,64,4,1,1,1,84.52095985412598,1587.981587426897
128,64,8192,1,m,n,n,64,8,64,5,1,1,1,84.76351737976074,1583.4374522080368
128,64,8192,1,m,n,n,64,8,64,6,1,1,1,82.39104270935059,1629.0330063363501
128,64,8192,1,m,n,n,64,8,128,3,1,1,1,76.34943962097168,1757.9399228901877
128,64,8192,1,m,n,n,64,8,128,4,1,1,1,75.36640167236328,1780.8695257003014
128,64,8192,1,m,n,n,64,8,128,5,1,1,1,75.98080158233643,1766.4689659078583
128,64,8192,1,m,n,n,64,16,16,3,2,2,1,135.7414436340332,988.7748679162332
128,64,8192,1,m,n,n,64,16,16,4,2,2,1,140.42752265930176,955.7793618964022
128,64,8192,1,m,n,n,64,16,16,5,2,2,1,140.65664291381836,954.2224613041309
128,64,8192,1,m,n,n,64,16,16,6,2,2,1,126.70975685119629,1059.2532993147545
128,64,8192,1,m,n,n,64,16,32,3,2,2,1,85.25823593139648,1574.2494145433532
128,64,8192,1,m,n,n,64,16,32,4,2,2,1,81.42848014831543,1648.2897354283562
128,64,8192,1,m,n,n,64,16,32,5,2,2,1,84.50048446655273,1588.3663726582126
128,64,8192,1,m,n,n,64,16,32,6,2,2,1,93.08159828186035,1441.9362202352324
128,64,8192,1,m,n,n,64,16,64,3,2,2,1,63.09887886047363,2127.1016288068568
128,64,8192,1,m,n,n,64,16,64,4,2,2,1,62.9145622253418,2133.3332578755117
128,64,8192,1,m,n,n,64,16,64,5,2,2,1,62.812161445617676,2136.811166993589
128,64,8192,1,m,n,n,64,16,64,6,2,2,1,62.812161445617676,2136.811166993589
128,64,8192,1,m,n,n,64,16,128,3,2,2,1,53.0841588973999,2528.3951142451665
128,64,8192,1,m,n,n,64,16,128,4,2,2,1,53.1660795211792,2524.499252319952
128,64,8192,1,m,n,n,64,128,16,3,1,1,1,1142.640609741211,117.46276725662504
128,64,8192,1,m,n,n,64,128,16,3,2,2,1,246.51775360107422,544.4546124543914
128,64,8192,1,m,n,n,64,128,16,4,1,1,1,1154.9081420898438,116.21506776905105
128,64,8192,1,m,n,n,64,128,16,4,2,2,1,248.7500762939453,539.5685902881748
128,64,8192,1,m,n,n,64,128,16,5,1,1,1,1156.5875244140625,116.04632175848161
128,64,8192,1,m,n,n,64,128,16,5,2,2,1,249.85599517822266,537.1803382354797
128,64,8192,1,m,n,n,64,128,16,6,1,1,1,1153.9046478271484,116.31613431208349
128,64,8192,1,m,n,n,64,128,16,6,2,2,1,253.5231971740723,529.4100480590121
128,64,8192,1,m,n,n,64,128,32,3,1,1,1,1436.9792175292969,93.40269251128791
128,64,8192,1,m,n,n,64,128,32,3,2,2,1,194.0070343017578,691.8188739035011
128,64,8192,1,m,n,n,64,128,32,4,1,1,1,1461.8214416503906,91.8154052032981
128,64,8192,1,m,n,n,64,128,32,4,2,2,1,192.2047996520996,698.3058084030205
128,64,8192,1,m,n,n,64,128,32,5,1,1,1,1110.650863647461,120.84601236361434
128,64,8192,1,m,n,n,64,128,32,5,2,2,1,208.93695831298828,642.3838514914216
128,64,8192,1,m,n,n,64,128,32,6,1,1,1,1465.6101989746094,91.5780526731482
128,64,8192,1,m,n,n,64,128,32,6,2,2,1,190.18112182617188,705.7363355058808
128,64,8192,1,m,n,n,64,128,64,3,1,1,1,1538.6009216308594,87.23361991603011
128,64,8192,1,m,n,n,64,128,64,3,2,2,1,177.39776611328125,756.5919850100722
128,64,8192,1,m,n,n,64,128,64,4,1,1,1,1525.4733276367188,87.98431645339332
128,64,8192,1,m,n,n,64,128,64,4,2,2,1,186.5318489074707,719.5432243132851
128,64,8192,1,m,n,n,64,256,16,3,2,2,1,417.259521484375,321.66486584303385
128,64,8192,1,m,n,n,64,256,16,4,2,2,1,421.8854522705078,318.1378435252165
128,64,8192,1,m,n,n,64,256,16,5,2,2,1,426.1299133300781,314.9690359710458
128,64,8192,1,m,n,n,64,256,16,6,2,2,1,409.78431701660156,327.5326127099258
128,64,8192,1,m,n,n,64,256,32,3,2,2,1,377.01377868652344,356.0021823807091
128,64,8192,1,m,n,n,64,256,32,4,2,2,1,377.3030471801758,355.7292447095085
128,64,8192,1,m,n,n,128,8,16,3,1,1,1,205.96736907958984,651.6455912399194
128,64,8192,1,m,n,n,128,8,16,4,1,1,1,207.09375381469727,648.1012851797304
128,64,8192,1,m,n,n,128,8,16,5,1,1,1,213.72735977172852,627.9857110636244
128,64,8192,1,m,n,n,128,8,16,6,1,1,1,221.16352081298828,606.8710043438492
128,64,8192,1,m,n,n,128,8,32,3,1,1,1,156.65151596069336,856.7917595746575
128,64,8192,1,m,n,n,128,8,32,4,1,1,1,155.91423988342285,860.8432950085551
128,64,8192,1,m,n,n,128,8,32,5,1,1,1,148.54144096374512,903.5709303019273
128,64,8192,1,m,n,n,128,8,32,6,1,1,1,148.6233615875244,903.0728854895339
128,64,8192,1,m,n,n,128,8,64,3,1,1,1,142.21311569213867,943.7788304318781
128,64,8192,1,m,n,n,128,8,64,4,1,1,1,149.64287757873535,896.9202555556357
128,64,8192,1,m,n,n,128,8,64,5,1,1,1,150.46655654907227,892.0103648163639
128,64,8192,1,m,n,n,128,16,16,3,2,2,1,160.91136932373047,834.1096627546143
128,64,8192,1,m,n,n,128,16,16,4,2,2,1,163.28704833984375,821.9741208173305
128,64,8192,1,m,n,n,128,16,16,5,2,2,1,168.0179214477539,798.8298322196288
128,64,8192,1,m,n,n,128,16,16,6,2,2,1,147.7017593383789,908.707713443768
128,64,8192,1,m,n,n,128,16,32,3,2,2,1,106.1683177947998,1264.1975571225832
128,64,8192,1,m,n,n,128,16,32,4,2,2,1,105.98400115966797,1266.396121408901
128,64,8192,1,m,n,n,128,16,32,5,2,2,1,109.97759819030762,1220.4097035084067
128,64,8192,1,m,n,n,128,16,32,6,2,2,1,107.72480010986328,1245.9315576646964
128,64,8192,1,m,n,n,128,16,64,3,2,2,1,95.21151542663574,1409.6795686801152
128,64,8192,1,m,n,n,128,16,64,4,2,2,1,92.77440071105957,1446.71080568888
128,64,8192,1,m,n,n,128,16,64,5,2,2,1,95.68256378173828,1402.7396705857964
128,64,8192,1,m,n,n,128,128,16,3,1,1,1,4600.8319091796875,29.172491116705583
128,64,8192,1,m,n,n,128,128,16,3,2,2,1,346.8697738647461,386.9398203959251
128,64,8192,1,m,n,n,128,128,16,4,1,1,1,4262.625427246094,31.48710349778787
128,64,8192,1,m,n,n,128,128,16,4,2,2,1,349.4502258300781,384.0825333026513
128,64,8192,1,m,n,n,128,128,16,5,1,1,1,4428.697509765625,30.30636608258735
128,64,8192,1,m,n,n,128,128,16,5,2,2,1,347.7503967285156,385.95995651669114
128,64,8192,1,m,n,n,128,128,16,6,1,1,1,4421.44775390625,30.35605880029265
128,64,8192,1,m,n,n,128,128,16,6,2,2,1,348.6310577392578,384.98500067765576
128,64,8192,1,m,n,n,128,128,32,3,1,1,1,4536.422424316406,29.586690886756493
128,64,8192,1,m,n,n,128,128,32,3,2,2,1,311.15264892578125,431.3565334036888
128,64,8192,1,m,n,n,128,128,32,4,1,1,1,4431.8310546875,30.28493783806117
128,64,8192,1,m,n,n,128,128,32,4,2,2,1,313.5078430175781,428.1160136477815
128,64,8192,1,m,n,n,128,128,32,5,1,1,1,4435.394592285156,30.26060595227668
128,64,8192,1,m,n,n,128,128,32,5,2,2,1,318.77119064331055,421.04723368864006
128,64,8192,1,m,n,n,128,128,32,6,1,1,1,4314.808349609375,31.10630116680638
128,64,8192,1,m,n,n,128,128,32,6,2,2,1,321.29024505615234,417.7460413606475
128,64,8192,1,m,n,n,128,128,64,3,1,1,1,4387.327880859375,30.592135268839282
128,64,8192,1,m,n,n,128,128,64,3,2,2,1,303.8822364807129,441.67678096089924
128,64,8192,1,m,n,n,128,256,16,3,2,2,1,2570.8282470703125,52.20797155661917
128,64,8192,1,m,n,n,128,256,16,4,2,2,1,2584.371337890625,51.93438188706623
128,64,8192,1,m,n,n,128,256,16,5,2,2,1,2553.9993286132812,52.55198249126981
128,64,8192,1,m,n,n,128,256,16,6,2,2,1,2580.8078002929688,52.00609204016038
128,64,8192,1,m,n,n,128,256,32,3,2,2,1,2354.544677734375,57.00368706919122
128,64,8192,1,m,n,n,128,256,32,4,2,2,1,2260.4595947265625,59.37630042718622
128,64,8192,1,m,n,n,256,8,16,3,1,1,1,344.7622299194336,389.3051974729509
128,64,8192,1,m,n,n,256,8,16,4,1,1,1,349.38880920410156,384.15004849681486
128,64,8192,1,m,n,n,256,8,16,5,1,1,1,330.9977722167969,405.49435454233236
128,64,8192,1,m,n,n,256,8,16,6,1,1,1,331.59168243408203,404.76807806143177
128,64,8192,1,m,n,n,256,8,32,3,1,1,1,293.3350372314453,457.55777852783547
128,64,8192,1,m,n,n,256,8,32,4,1,1,1,286.84288024902344,467.913750843244
128,64,8192,1,m,n,n,256,8,32,5,1,1,1,287.2524833679199,467.2465366577552
128,64,8192,1,m,n,n,256,8,32,6,1,1,1,287.78751373291016,466.3778711558862
128,64,8192,1,m,n,n,256,8,64,3,1,1,1,319.9385643005371,419.51094046268645
128,64,8192,1,m,n,n,256,16,16,3,2,2,1,216.02304458618164,621.3120838895237
128,64,8192,1,m,n,n,256,16,16,4,2,2,1,285.12256622314453,470.73695280561424
128,64,8192,1,m,n,n,256,16,16,5,2,2,1,295.7721519470215,453.78757640455956
128,64,8192,1,m,n,n,256,16,16,6,2,2,1,223.62112045288086,600.2014824368122
128,64,8192,1,m,n,n,256,16,32,3,2,2,1,243.1590461730957,551.9750554723574
128,64,8192,1,m,n,n,256,16,32,4,2,2,1,230.78912734985352,581.5600134253257
128,64,8192,1,m,n,n,256,16,32,5,2,2,1,242.17599868774414,554.2156478233712
128,64,8192,1,m,n,n,256,128,16,3,1,1,1,8304.680786132812,16.16169621162529
128,64,8192,1,m,n,n,256,128,16,3,2,2,1,2066.4320373535156,64.95143589231851
128,64,8192,1,m,n,n,256,128,16,4,1,1,1,8696.094970703125,15.43425278267721
128,64,8192,1,m,n,n,256,128,16,4,2,2,1,2059.8988342285156,65.15743674871682
128,64,8192,1,m,n,n,256,128,16,5,1,1,1,8137.707519531251,16.493309409052248
128,64,8192,1,m,n,n,256,128,16,5,2,2,1,2080.9727478027344,64.49759043779807
240,240,240,1,m,n,n,16,128,16,3,1,1,1,10.076160430908203,2743.902321681075
240,240,240,1,m,n,n,16,128,16,4,1,1,1,10.158079862594604,2721.774230365036
240,240,240,1,m,n,n,16,128,16,5,1,1,1,10.26047945022583,2694.6109228250025
240,240,240,1,m,n,n,16,128,16,6,1,1,1,10.4038405418396,2657.4801765571183
240,240,240,1,m,n,n,16,128,32,3,1,1,1,12.943359613418579,2136.0760131656157
240,240,240,1,m,n,n,16,128,32,4,1,1,1,11.304960250854492,2445.652119644579
240,240,240,1,m,n,n,16,128,32,5,1,1,1,11.202559471130371,2468.0074291281794
240,240,240,1,m,n,n,16,128,32,6,1,1,1,11.46880030632019,2410.7142213265174
240,240,240,1,m,n,n,16,128,64,3,1,1,1,13.434879779815674,2057.9268629956678
240,240,240,1,m,n,n,16,128,64,4,1,1,1,11.202559471130371,2468.0074291281794
240,240,240,1,m,n,n,16,128,64,5,1,1,1,11.878399848937988,2327.586236497328
240,240,240,1,m,n,n,32,128,16,3,1,1,1,14.704639911651611,1880.2228525223782
240,240,240,1,m,n,n,32,128,16,4,1,1,1,14.93056058883667,1851.7723989996696
240,240,240,1,m,n,n,32,128,16,5,1,1,1,14.929920434951782,1851.8517979020492
240,240,240,1,m,n,n,32,128,16,6,1,1,1,15.134719610214233,1826.793010512115
240,240,240,1,m,n,n,32,128,32,3,1,1,1,15.482879877090454,1785.7142998900292
240,240,240,1,m,n,n,32,128,32,3,2,2,1,7.720959782600403,3580.901957591627
240,240,240,1,m,n,n,32,128,32,4,1,1,1,15.687680244445799,1762.4020613110556
240,240,240,1,m,n,n,32,128,32,4,2,2,1,7.741439938545227,3571.4285997800584
240,240,240,1,m,n,n,32,128,32,5,1,1,1,15.708160400390625,1760.1042576132886
240,240,240,1,m,n,n,32,128,32,5,2,2,1,12.881920337677002,2146.26385470924
240,240,240,1,m,n,n,32,128,32,6,1,1,1,16.506880521774292,1674.9379123165888
240,240,240,1,m,n,n,32,128,32,6,2,2,1,7.557119727134705,3658.536717464815
240,240,240,1,m,n,n,32,128,64,3,1,1,1,15.851520299911499,1744.1860135115473
240,240,240,1,m,n,n,32,128,64,3,2,2,1,7.761920094490051,3562.0052336826384
240,240,240,1,m,n,n,32,128,64,4,1,1,1,16.44544005393982,1681.1955112977591
240,240,240,1,m,n,n,32,128,64,4,2,2,1,7.741439938545227,3571.4285997800584
240,240,240,1,m,n,n,32,256,32,3,2,2,1,10.833920240402222,2551.9848204986915
240,240,240,1,m,n,n,32,256,32,4,2,2,1,12.943359613418579,2136.0760131656157
240,240,240,1,m,n,n,32,256,32,5,2,2,1,11.364480257034302,2432.843330682602
240,240,240,1,m,n,n,64,128,16,3,1,1,1,38.66624116897583,715.0423512638615
240,240,240,1,m,n,n,64,128,16,3,2,2,1,10.219520330429077,2705.4107341688878
240,240,240,1,m,n,n,64,128,16,4,1,1,1,39.05535936355591,707.9182076557574
240,240,240,1,m,n,n,64,128,16,4,2,2,1,10.342400074005127,2673.267307604088
240,240,240,1,m,n,n,64,128,16,5,1,1,1,39.11679983139038,706.8062857691411
240,240,240,1,m,n,n,64,128,16,5,2,2,1,10.4038405418396,2657.4801765571183
240,240,240,1,m,n,n,64,128,16,6,1,1,1,39.080960750579834,707.4544604072917
240,240,240,1,m,n,n,64,128,16,6,2,2,1,10.506240129470825,2631.5789149388656
240,240,240,1,m,n,n,64,128,32,3,1,1,1,50.29888153076172,549.6742503725669
240,240,240,1,m,n,n,64,128,32,3,2,2,1,9.748479723930359,2836.1345340987154
240,240,240,1,m,n,n,64,128,32,4,1,1,1,50.89280128479004,543.2595436294633
240,240,240,1,m,n,n,64,128,32,4,2,2,1,9.89184021949768,2795.030993879519
240,240,240,1,m,n,n,64,128,32,5,1,1,1,39.36255931854248,702.3933524306151
240,240,240,1,m,n,n,64,128,32,5,2,2,1,10.547200441360474,2621.3591136069954
240,240,240,1,m,n,n,64,128,32,6,1,1,1,51.79903984069824,533.7550673724478
240,240,240,1,m,n,n,64,128,32,6,2,2,1,9.994239807128906,2766.3934960094352
240,240,240,1,m,n,n,64,128,64,3,1,1,1,53.37088108062744,518.03529265766
240,240,240,1,m,n,n,64,128,64,3,2,2,1,9.486719965934753,2914.389810100795
240,240,240,1,m,n,n,64,128,64,4,1,1,1,53.96480083465576,512.3339579203019
240,240,240,1,m,n,n,64,128,64,4,2,2,1,13.2915198802948,2080.123285297812
240,240,240,1,m,n,n,64,256,16,3,2,2,1,15.831040143966677,1746.4424162007354
240,240,240,1,m,n,n,64,256,16,4,2,2,1,16.138240098953247,1713.1979590385013
240,240,240,1,m,n,n,64,256,16,5,2,2,1,16.179200410842896,1708.8607161000987
240,240,240,1,m,n,n,64,256,16,6,2,2,1,15.815680027008058,1748.1385531817898
240,240,240,1,m,n,n,64,256,32,3,2,2,1,15.708160400390625,1760.1042576132886
240,240,240,1,m,n,n,64,256,32,4,2,2,1,15.667200088500977,1764.70587238446
240,240,240,1,m,n,n,128,128,16,3,1,1,1,143.7491226196289,192.3350869636868
240,240,240,1,m,n,n,128,128,16,3,2,2,1,15.132800340652466,1827.0246998321218
240,240,240,1,m,n,n,128,128,16,4,1,1,1,143.79008293151855,192.28029803117673
240,240,240,1,m,n,n,128,128,16,4,2,2,1,15.278719663619995,1809.5757111004773
240,240,240,1,m,n,n,128,128,16,5,1,1,1,143.62624168395996,192.4996412621977
240,240,240,1,m,n,n,128,128,16,5,2,2,1,15.400960445404053,1795.2127140389287
240,240,240,1,m,n,n,128,128,16,6,1,1,1,143.6672019958496,192.44475855246853
240,240,240,1,m,n,n,128,128,16,6,2,2,1,15.503360033035278,1783.355346265994
240,240,240,1,m,n,n,128,128,32,3,1,1,1,153.8252830505371,179.73638306855347
240,240,240,1,m,n,n,128,128,32,3,2,2,1,14.823039770126343,1865.2044674210806
240,240,240,1,m,n,n,128,128,32,4,1,1,1,154.74687576293945,178.66596571781295
240,240,240,1,m,n,n,128,128,32,4,2,2,1,14.970879554748535,1846.7852806437465
240,240,240,1,m,n,n,128,128,32,5,1,1,1,155.730562210083,177.5374056808606
240,240,240,1,m,n,n,128,128,32,5,2,2,1,15.421439409255981,1792.8287539362643
240,240,240,1,m,n,n,128,128,32,6,1,1,1,155.99616050720215,177.23513136545134
240,240,240,1,m,n,n,128,128,32,6,2,2,1,15.482879877090454,1785.7142998900292
240,240,240,1,m,n,n,128,128,64,3,1,1,1,155.23839950561523,178.10026441943526
240,240,240,1,m,n,n,128,128,64,3,2,2,1,15.503360033035278,1783.355346265994
240,240,240,1,m,n,n,128,256,16,3,2,2,1,80.9164810180664,341.6856449037492
240,240,240,1,m,n,n,128,256,16,4,2,2,1,81.22367858886719,340.3933493328575
240,240,240,1,m,n,n,128,256,16,5,2,2,1,82.24767684936523,336.15539136304955
240,240,240,1,m,n,n,128,256,16,6,2,2,1,85.1148796081543,324.8315703116054
240,240,240,1,m,n,n,128,256,32,3,2,2,1,79.52383995056152,347.66932805543905
240,240,240,1,m,n,n,128,256,32,4,2,2,1,79.62495803833008,347.2278124993263
256,256,256,1,m,n,n,16,128,16,3,1,1,1,10.424319505691528,3218.8606634399266
256,256,256,1,m,n,n,16,128,16,4,1,1,1,10.444799661636353,3212.5491236797106
256,256,256,1,m,n,n,16,128,16,5,1,1,1,10.547200441360474,3181.3590901731122
256,256,256,1,m,n,n,16,128,16,6,1,1,1,10.690560340881348,3138.697217926532
256,256,256,1,m,n,n,16,128,32,3,1,1,1,10.915839672088623,3073.9212930909366
256,256,256,1,m,n,n,16,128,32,4,1,1,1,11.263999938964844,2978.90910705062
256,256,256,1,m,n,n,16,128,32,5,1,1,1,11.202559471130371,2995.2469421360065
256,256,256,1,m,n,n,16,128,32,6,1,1,1,13.41439962387085,2501.3741159380756
256,256,256,1,m,n,n,16,128,64,3,1,1,1,10.87488055229187,3085.498901680206
256,256,256,1,m,n,n,16,128,64,4,1,1,1,11.24351978302002,2984.3352124193316
256,256,256,1,m,n,n,16,128,64,5,1,1,1,11.919360160827637,2815.12023692974
256,256,256,1,m,n,n,32,128,16,3,1,1,1,15.503360033035278,2164.3328883868185
256,256,256,1,m,n,n,32,128,16,4,1,1,1,15.503360033035278,2164.3328883868185
256,256,256,1,m,n,n,32,128,16,5,1,1,1,15.626239776611328,2147.313267918927
256,256,256,1,m,n,n,32,128,16,6,1,1,1,15.912959575653074,2108.62296485303
256,256,256,1,m,n,n,32,128,32,3,1,1,1,15.482879877090454,2167.19578439987
256,256,256,1,m,n,n,32,128,32,3,2,2,1,7.823359966278077,4289.005254089484
256,256,256,1,m,n,n,32,128,32,4,1,1,1,15.605759620666504,2150.1312858596325
256,256,256,1,m,n,n,32,128,32,4,2,2,1,7.475200295448303,4488.766945874548
256,256,256,1,m,n,n,32,128,32,5,1,1,1,15.72864055633545,2133.3332578755117
256,256,256,1,m,n,n,32,128,32,5,2,2,1,7.700480222702026,4357.446682490935
256,256,256,1,m,n,n,32,128,32,6,1,1,1,16.506880521774292,2032.754278177407
256,256,256,1,m,n,n,32,128,32,6,2,2,1,7.49567985534668,4476.502818628997
256,256,256,1,m,n,n,32,128,64,3,1,1,1,15.793919563293457,2124.5158217712865
256,256,256,1,m,n,n,32,128,64,3,2,2,1,12.961920499801636,2588.692933312892
256,256,256,1,m,n,n,32,128,64,4,1,1,1,16.363519430160522,2050.563275413353
256,256,256,1,m,n,n,32,128,64,4,2,2,1,7.678719758987427,4369.795102982732
256,256,256,1,m,n,n,32,256,32,3,2,2,1,12.922879457473755,2596.5135796878685
256,256,256,1,m,n,n,32,256,32,4,2,2,1,12.984319925308228,2584.227144203201
256,256,256,1,m,n,n,32,256,32,5,2,2,1,11.141120195388794,3011.7646530631514
256,256,256,1,m,n,n,64,128,16,3,1,1,1,40.73472023010254,823.7305131950709
256,256,256,1,m,n,n,64,128,16,3,2,2,1,10.60863971710205,3162.9344472795447
256,256,256,1,m,n,n,64,128,16,4,1,1,1,41.0975980758667,816.4572522719718
256,256,256,1,m,n,n,64,128,16,4,2,2,1,10.746879577636719,3122.248812559855
256,256,256,1,m,n,n,64,128,16,5,1,1,1,41.28767967224121,812.6984191499511
256,256,256,1,m,n,n,64,128,16,5,2,2,1,13.127679824829102,2556.0062743560106
256,256,256,1,m,n,n,64,128,16,6,1,1,1,41.36960029602051,811.0891031071366
256,256,256,1,m,n,n,64,128,16,6,2,2,1,10.854400396347046,3091.320641837798
256,256,256,1,m,n,n,64,128,32,3,1,1,1,51.34335994720459,653.5301163481196
256,256,256,1,m,n,n,64,128,32,3,2,2,1,13.16864013671875,2548.05596110403
256,256,256,1,m,n,n,64,128,32,4,1,1,1,50.66751956939697,662.2473783040048
256,256,256,1,m,n,n,64,128,32,4,2,2,1,9.809920191764832,3420.4592233245753
256,256,256,1,m,n,n,64,128,32,5,1,1,1,39.42399978637695,851.1168877287487
256,256,256,1,m,n,n,64,128,32,5,2,2,1,9.871360063552856,3399.170102597113
256,256,256,1,m,n,n,64,128,32,6,1,1,1,52.060160636901855,644.5318567883094
256,256,256,1,m,n,n,64,128,32,6,2,2,1,12.861440181732178,2608.917160588224
256,256,256,1,m,n,n,64,128,64,3,1,1,1,53.30944061279297,629.4275763221525
256,256,256,1,m,n,n,64,128,64,3,2,2,1,9.605119824409485,3493.390255760073
256,256,256,1,m,n,n,64,128,64,4,1,1,1,54.16959762573242,619.4329193994325
256,256,256,1,m,n,n,64,128,64,4,2,2,1,9.722880125045776,3451.0794711502235
256,256,256,1,m,n,n,64,256,16,3,2,2,1,16.547839641571045,2027.72281619804
256,256,256,1,m,n,n,64,256,16,4,2,2,1,16.895999908447266,1985.9394047004137
256,256,256,1,m,n,n,64,256,16,5,2,2,1,16.895999908447266,1985.9394047004137
256,256,256,1,m,n,n,64,256,16,6,2,2,1,16.44544005393982,2040.3486857112948
256,256,256,1,m,n,n,64,256,32,3,2,2,1,15.72864055633545,2133.3332578755117
256,256,256,1,m,n,n,64,256,32,4,2,2,1,15.749119520187378,2130.5592326599335
256,256,256,1,m,n,n,128,128,16,3,1,1,1,152.55552291870117,219.94898223305617
256,256,256,1,m,n,n,128,128,16,3,2,2,1,15.786240100860594,2125.5493255908837
256,256,256,1,m,n,n,128,128,16,4,1,1,1,152.8012752532959,219.59523534327465
256,256,256,1,m,n,n,128,128,16,4,2,2,1,15.749119520187378,2130.5592326599335
256,256,256,1,m,n,n,128,128,16,5,1,1,1,152.6579189300537,219.80145042704464
256,256,256,1,m,n,n,128,128,16,5,2,2,1,15.80672025680542,2122.795333557794
256,256,256,1,m,n,n,128,128,16,6,1,1,1,152.55552291870117,219.94898223305617
256,256,256,1,m,n,n,128,128,16,6,2,2,1,15.9334397315979,2105.9126318755634
256,256,256,1,m,n,n,128,128,32,3,1,1,1,153.92767906188965,217.98829297301873
256,256,256,1,m,n,n,128,128,32,3,2,2,1,14.909440279006958,2250.5494084339225
256,256,256,1,m,n,n,128,128,32,4,1,1,1,154.74559783935547,216.836100467514
256,256,256,1,m,n,n,128,128,32,4,2,2,1,15.11296033859253,2220.24217944351
256,256,256,1,m,n,n,128,128,32,5,1,1,1,155.7094383239746,215.49388631269386
256,256,256,1,m,n,n,128,128,32,5,2,2,1,15.319039821624756,2190.3743570555703
256,256,256,1,m,n,n,128,128,32,6,1,1,1,155.97567558288574,215.1260565123766
256,256,256,1,m,n,n,128,128,32,6,2,2,1,15.31775951385498,2190.557435612556
256,256,256,1,m,n,n,128,128,64,3,1,1,1,155.27935981750488,216.090741483192
256,256,256,1,m,n,n,128,128,64,3,2,2,1,15.626239776611328,2147.313267918927
256,256,256,1,m,n,n,128,256,16,3,2,2,1,85.83168029785156,390.93295020626437
256,256,256,1,m,n,n,128,256,16,4,2,2,1,86.0979175567627,389.7240833714498
256,256,256,1,m,n,n,128,256,16,5,2,2,1,87.04000473022461,385.50586140246656
256,256,256,1,m,n,n,128,256,16,6,2,2,1,90.33727645874023,371.4350633021943
256,256,256,1,m,n,n,128,256,32,3,2,2,1,79.9129581451416,419.88724706019383
256,256,256,1,m,n,n,128,256,32,4,2,2,1,80.0767993927002,419.0281361702229
512,768,3072,1,m,n,n,16,128,16,3,1,1,1,128.5324764251709,18796.176430993306
512,768,3072,1,m,n,n,16,128,16,4,1,1,1,128.32768440246582,18826.172351268408
512,768,3072,1,m,n,n,16,128,16,5,1,1,1,128.02047729492188,18871.34898297892
512,768,3072,1,m,n,n,16,128,16,6,1,1,1,103.64928245544434,23308.594587121526
512,768,3072,1,m,n,n,16,128,32,3,1,1,1,139.26400184631348,17347.764475891752
512,768,3072,1,m,n,n,16,128,32,4,1,1,1,212.6438331604004,11361.341018423216
512,768,3072,1,m,n,n,16,128,32,5,1,1,1,208.89535903930664,11565.211956410247
512,768,3072,1,m,n,n,16,128,32,6,1,1,1,280.22783279418945,8621.267487638703
512,768,3072,1,m,n,n,16,128,64,3,1,1,1,260.07551193237305,9289.298658107447
512,768,3072,1,m,n,n,16,128,64,4,1,1,1,255.6108856201172,9451.550148730681
512,768,3072,1,m,n,n,16,128,64,5,1,1,1,257.94559478759766,9366.002571159865
512,768,3072,1,m,n,n,32,128,16,3,1,1,1,153.80736351013184,15707.434604331249
512,768,3072,1,m,n,n,32,128,16,4,1,1,1,152.72128105163574,15819.138546796023
512,768,3072,1,m,n,n,32,128,16,5,1,1,1,153.9072036743164,15697.245134232542
512,768,3072,1,m,n,n,32,128,16,6,1,1,1,155.36128044128418,15550.32951027364
512,768,3072,1,m,n,n,32,128,32,3,1,1,1,153.29279899597168,15760.160423866271
512,768,3072,1,m,n,n,32,128,32,3,2,2,1,76.79999828338623,31457.28070312502
512,768,3072,1,m,n,n,32,128,32,4,1,1,1,150.46655654907227,16056.186566694549
512,768,3072,1,m,n,n,32,128,32,4,2,2,1,77.23008155822754,31282.099607502292
512,768,3072,1,m,n,n,32,128,32,5,1,1,1,291.9424057006836,8275.327793513292
512,768,3072,1,m,n,n,32,128,32,5,2,2,1,105.2672004699707,22950.35009208954
512,768,3072,1,m,n,n,32,128,32,6,1,1,1,300.1139259338379,8050.006664910996
512,768,3072,1,m,n,n,32,128,32,6,2,2,1,102.72768020629883,23517.703302053793
512,768,3072,1,m,n,n,32,128,64,3,1,1,1,287.2115135192871,8411.637383185072
512,768,3072,1,m,n,n,32,128,64,3,2,2,1,96.60415649414062,25008.43847383041
512,768,3072,1,m,n,n,32,128,64,4,1,1,1,284.5702362060547,8489.711138485529
512,768,3072,1,m,n,n,32,128,64,4,2,2,1,96.76799774169922,24966.095820735714
512,768,3072,1,m,n,n,32,256,32,3,2,2,1,88.94463539123535,27162.055287238447
512,768,3072,1,m,n,n,32,256,32,4,2,2,1,89.00863647460938,27142.524587365922
512,768,3072,1,m,n,n,32,256,32,5,2,2,1,89.51807975769043,26988.05772576294
512,768,3072,1,m,n,n,64,128,16,3,1,1,1,434.60609436035156,5558.870746061955
512,768,3072,1,m,n,n,64,128,16,3,2,2,1,95.49823760986328,25298.04909981374
512,768,3072,1,m,n,n,64,128,16,4,1,1,1,439.2345428466797,5500.293962178896
512,768,3072,1,m,n,n,64,128,16,4,2,2,1,96.2764835357666,25093.553641294857
512,768,3072,1,m,n,n,64,128,16,5,1,1,1,438.7635040283203,5506.198856147486
512,768,3072,1,m,n,n,64,128,16,5,2,2,1,96.82944297790527,24950.25303978325
512,768,3072,1,m,n,n,64,128,16,6,1,1,1,438.88641357421875,5504.6568526128485
512,768,3072,1,m,n,n,64,128,16,6,2,2,1,98.11648368835449,24622.968671335977
512,768,3072,1,m,n,n,64,128,32,3,1,1,1,566.6201782226562,4263.736444364063
512,768,3072,1,m,n,n,64,128,32,3,2,2,1,80.44544219970703,30031.771072902357
512,768,3072,1,m,n,n,64,128,32,4,1,1,1,569.6921539306641,4240.74491342571
512,768,3072,1,m,n,n,64,128,32,4,2,2,1,81.22367858886719,29744.024722504197
512,768,3072,1,m,n,n,64,128,32,5,1,1,1,421.2518310546875,5735.094605882821
512,768,3072,1,m,n,n,64,128,32,5,2,2,1,80.17919540405273,30131.495980039297
512,768,3072,1,m,n,n,64,128,32,6,1,1,1,571.0233688354492,4230.858552999415
512,768,3072,1,m,n,n,64,128,32,6,2,2,1,80.56832313537598,29985.96731299248
512,768,3072,1,m,n,n,64,128,64,3,1,1,1,597.3811340332031,4044.183798857164
512,768,3072,1,m,n,n,64,128,64,3,2,2,1,72.41727828979492,33361.08676070546
512,768,3072,1,m,n,n,64,128,64,4,1,1,1,596.5990447998047,4049.4853705484697
512,768,3072,1,m,n,n,64,128,64,4,2,2,1,72.76544094085693,33201.463122633126
512,768,3072,1,m,n,n,64,256,16,3,2,2,1,159.29344177246094,15166.469360684443
512,768,3072,1,m,n,n,64,256,16,4,2,2,1,162.44735717773438,14872.012361252098
512,768,3072,1,m,n,n,64,256,16,5,2,2,1,163.73760223388672,14754.821562300902
512,768,3072,1,m,n,n,64,256,16,6,2,2,1,157.08160400390625,15380.0256835926
512,768,3072,1,m,n,n,64,256,32,3,2,2,1,144.7321605682373,16692.34463518535
512,768,3072,1,m,n,n,64,256,32,4,2,2,1,143.8105583190918,16799.316630420664
512,768,3072,1,m,n,n,128,128,16,3,1,1,1,1784.217529296875,1354.0496404337348
512,768,3072,1,m,n,n,128,128,16,3,2,2,1,150.0979232788086,16095.619787572961
512,768,3072,1,m,n,n,128,128,16,4,1,1,1,1785.9379577636719,1352.7452583096351
512,768,3072,1,m,n,n,128,128,16,4,2,2,1,133.5910415649414,18084.439463147468
512,768,3072,1,m,n,n,128,128,16,5,1,1,1,1780.3059387207031,1357.0246840473035
512,768,3072,1,m,n,n,128,128,16,5,2,2,1,133.01759719848633,18162.40223009751
512,768,3072,1,m,n,n,128,128,16,6,1,1,1,1780.7974243164062,1356.6501562789479
512,768,3072,1,m,n,n,128,128,16,6,2,2,1,135.90527534484863,17776.49247146442
512,768,3072,1,m,n,n,128,128,32,3,1,1,1,1770.250244140625,1364.7331003040292
512,768,3072,1,m,n,n,128,128,32,3,2,2,1,119.5577621459961,20207.12884413007
512,768,3072,1,m,n,n,128,128,32,4,1,1,1,1772.6463317871094,1362.8883893406812
512,768,3072,1,m,n,n,128,128,32,4,2,2,1,136.21248245239258,17736.400221942833
512,768,3072,1,m,n,n,128,128,32,5,1,1,1,1796.9357299804688,1344.4660616917329
512,768,3072,1,m,n,n,128,128,32,5,2,2,1,122.36800193786621,19743.062448847624
512,768,3072,1,m,n,n,128,128,32,6,1,1,1,1796.6694641113281,1344.665311153917
512,768,3072,1,m,n,n,128,128,32,6,2,2,1,123.39200019836426,19579.21988553701
512,768,3072,1,m,n,n,128,128,64,3,1,1,1,1753.7843322753906,1377.5462920606344
512,768,3072,1,m,n,n,128,128,64,3,2,2,1,117.35039710998535,20587.22563789628
512,768,3072,1,m,n,n,128,256,16,3,2,2,1,1000.1817321777344,2415.4801335350585
512,768,3072,1,m,n,n,128,256,16,4,2,2,1,1000.079345703125,2415.727426408793
512,768,3072,1,m,n,n,128,256,16,5,2,2,1,1010.9337615966796,2389.7897130117326
512,768,3072,1,m,n,n,128,256,16,6,2,2,1,1072.880630493164,2251.806058694051
512,768,3072,1,m,n,n,128,256,32,3,2,2,1,900.6079864501953,2682.5423939693246
512,768,3072,1,m,n,n,128,256,32,4,2,2,1,903.306884765625,2674.5274997287797
768,768,768,1,m,n,n,16,128,16,3,1,1,1,47.34975814819336,19133.564762137386
768,768,768,1,m,n,n,16,128,16,4,1,1,1,48.29184055328369,18760.30512857305
768,768,768,1,m,n,n,16,128,16,5,1,1,1,43.29472064971924,20925.63828578197
768,768,768,1,m,n,n,16,128,16,6,1,1,1,57.589759826660156,15731.43674720792
768,768,768,1,m,n,n,16,128,32,3,1,1,1,67.48159885406494,13425.432701427855
768,768,768,1,m,n,n,16,128,32,4,1,1,1,63.447041511535645,14279.147497133983
768,768,768,1,m,n,n,16,128,32,5,1,1,1,63.03743839263916,14371.930191024221
768,768,768,1,m,n,n,16,128,32,6,1,1,1,103.91936302185059,8718.006323898526
768,768,768,1,m,n,n,16,128,64,3,1,1,1,96.74752235412598,9364.267341998378
768,768,768,1,m,n,n,16,128,64,4,1,1,1,97.71007537841797,9272.01888332704
768,768,768,1,m,n,n,16,128,64,5,1,1,1,101.06880187988281,8963.890410778959
768,768,768,1,m,n,n,32,128,16,3,1,1,1,41.594882011413574,21780.796583373005
768,768,768,1,m,n,n,32,128,16,4,1,1,1,41.71775817871094,21716.643068858073
768,768,768,1,m,n,n,32,128,16,5,1,1,1,41.88159942626953,21631.687337894404
768,768,768,1,m,n,n,32,128,16,6,1,1,1,42.61888027191162,21257.472233429085
768,768,768,1,m,n,n,32,128,32,3,1,1,1,41.32863998413086,21921.11001832795
768,768,768,1,m,n,n,32,128,32,3,2,2,1,31.32863998413086,28918.25704719094
768,768,768,1,m,n,n,32,128,32,4,1,1,1,41.51296138763428,21823.778254226567
768,768,768,1,m,n,n,32,128,32,4,2,2,1,23.347198963165283,38804.21224958687
768,768,768,1,m,n,n,32,128,32,5,1,1,1,78.82751941680908,11493.063218310688
768,768,768,1,m,n,n,32,128,32,5,2,2,1,31.5391993522644,28725.195395137856
768,768,768,1,m,n,n,32,128,32,6,1,1,1,81.22367858886719,11154.009270939074
768,768,768,1,m,n,n,32,128,32,6,2,2,1,30.72000026702881,29491.19974365235
768,768,768,1,m,n,n,32,128,64,3,1,1,1,78.23359966278076,11580.314186041609
768,768,768,1,m,n,n,32,128,64,3,2,2,1,29.511680603027344,30698.680843918613
768,768,768,1,m,n,n,32,128,64,4,1,1,1,78.29504013061523,11571.226765943558
768,768,768,1,m,n,n,32,128,64,4,2,2,1,30.371840000152588,29829.265003221684
768,768,768,1,m,n,n,32,256,32,3,2,2,1,25.722880363464355,35220.38166794102
768,768,768,1,m,n,n,32,256,32,4,2,2,1,26.071040630340576,34750.038437118
768,768,768,1,m,n,n,32,256,32,5,2,2,1,26.334080696105957,34402.93490609553
768,768,768,1,m,n,n,64,128,16,3,1,1,1,181.76000595092773,4984.428005821023
768,768,768,1,m,n,n,64,128,16,3,2,2,1,35.20512104034424,25734.03065314788
768,768,768,1,m,n,n,64,128,16,4,1,1,1,181.92384719848633,4979.939012676828
768,768,768,1,m,n,n,64,128,16,4,2,2,1,35.47136068344116,25540.877106045926
768,768,768,1,m,n,n,64,128,16,5,1,1,1,187.75680541992188,4825.229434287512
768,768,768,1,m,n,n,64,128,16,5,2,2,1,35.84000110626221,25278.170648317944
768,768,768,1,m,n,n,64,128,16,6,1,1,1,185.30303955078125,4889.124680287417
768,768,768,1,m,n,n,64,128,16,6,2,2,1,35.94239950180054,25206.154195537652
768,768,768,1,m,n,n,64,128,32,3,1,1,1,179.93728637695312,5034.919011182994
768,768,768,1,m,n,n,64,128,32,3,2,2,1,37.416958808898926,24212.80865254426
768,768,768,1,m,n,n,64,128,32,4,1,1,1,178.93375396728516,5063.156860642629
768,768,768,1,m,n,n,64,128,32,4,2,2,1,37.88800001144409,23911.783776561217
768,768,768,1,m,n,n,64,128,32,5,1,1,1,109.62944030761719,8263.926746847144
768,768,768,1,m,n,n,64,128,32,5,2,2,1,23.7772798538208,38102.32581564281
768,768,768,1,m,n,n,64,128,32,6,1,1,1,148.13183784484863,6115.96856679049
768,768,768,1,m,n,n,64,128,32,6,2,2,1,24.0230393409729,37712.533003882156
768,768,768,1,m,n,n,64,128,64,3,1,1,1,153.5590362548828,5899.8134274315125
768,768,768,1,m,n,n,64,128,64,3,2,2,1,22.282240390777588,40658.82281635255
768,768,768,1,m,n,n,64,128,64,4,1,1,1,154.72512245178223,5855.349471656304
768,768,768,1,m,n,n,64,128,64,4,2,2,1,22.753279209136963,39817.10309414182
768,768,768,1,m,n,n,64,256,16,3,2,2,1,43.130879402160645,21005.128496281373
768,768,768,1,m,n,n,64,256,16,4,2,2,1,43.868160247802734,20652.100723676424
768,768,768,1,m,n,n,64,256,16,5,2,2,1,44.0934419631958,20546.585244041522
768,768,768,1,m,n,n,64,256,16,6,2,2,1,42.5984001159668,21267.692249794683
768,768,768,1,m,n,n,64,256,32,3,2,2,1,39.628798961639404,22861.395947855417
768,768,768,1,m,n,n,64,256,32,4,2,2,1,39.58784103393555,22885.048548704217
768,768,768,1,m,n,n,128,128,16,3,1,1,1,464.7334289550781,1949.439415272992
768,768,768,1,m,n,n,128,128,16,3,2,2,1,40.611839294433594,22308.018541878148
768,768,768,1,m,n,n,128,128,16,4,1,1,1,460.49793243408203,1967.3696670281684
768,768,768,1,m,n,n,128,128,16,4,2,2,1,40.960001945495605,22118.398949432423
768,768,768,1,m,n,n,128,128,16,5,1,1,1,464.69120025634766,1949.6165701012208
768,768,768,1,m,n,n,128,128,16,5,2,2,1,40.73472023010254,22240.72385626692
768,768,768,1,m,n,n,128,128,16,6,1,1,1,464.62974548339844,1949.8744383174044
768,768,768,1,m,n,n,128,128,16,6,2,2,1,41.14431858062744,22019.313850699436
768,768,768,1,m,n,n,128,128,32,3,1,1,1,479.64672088623047,1888.8269731648827
768,768,768,1,m,n,n,128,128,32,3,2,2,1,37.25311994552612,24319.296352218724
768,768,768,1,m,n,n,128,128,32,4,1,1,1,469.2787170410156,1930.5577498005669
768,768,768,1,m,n,n,128,128,32,4,2,2,1,37.58080005645752,24107.247920187026
768,768,768,1,m,n,n,128,128,32,5,1,1,1,481.6896057128906,1880.8163042239282
768,768,768,1,m,n,n,128,128,32,5,2,2,1,38.31808090209961,23643.398695114665
768,768,768,1,m,n,n,128,128,32,6,1,1,1,484.3519973754883,1870.4778114038777
768,768,768,1,m,n,n,128,128,32,6,2,2,1,38.440959453582764,23567.821325946694
768,768,768,1,m,n,n,128,128,64,3,1,1,1,474.0300750732422,1911.2071398845717
768,768,768,1,m,n,n,128,128,64,3,2,2,1,37.19167947769165,24359.471707735585
768,768,768,1,m,n,n,128,256,16,3,2,2,1,254.13631439208984,3564.8965247927545
768,768,768,1,m,n,n,128,256,16,4,2,2,1,254.2803192138672,3562.877641497758
768,768,768,1,m,n,n,128,256,16,5,2,2,1,257.392635345459,3519.796371734004
768,768,768,1,m,n,n,128,256,16,6,2,2,1,272.30655670166016,3327.021115369554
768,768,768,1,m,n,n,128,256,32,3,2,2,1,229.51936721801758,3947.2471320445507
768,768,768,1,m,n,n,128,256,32,4,2,2,1,230.0102424621582,3938.8231337091534
16384,64,256,1,m,n,n,16,128,16,3,1,1,1,52.2649621963501,10272.099881811302
16384,64,256,1,m,n,n,16,128,16,4,1,1,1,47.63775825500488,11269.860960419894
16384,64,256,1,m,n,n,16,128,16,5,1,1,1,50.93376159667969,10540.570638611502
16384,64,256,1,m,n,n,16,128,16,6,1,1,1,57.15968132019043,9392.475598186405
16384,64,256,1,m,n,n,16,128,32,3,1,1,1,56.48384094238281,9504.858434603328
16384,64,256,1,m,n,n,16,128,32,4,1,1,1,74.93631839752197,7164.362000705835
16384,64,256,1,m,n,n,16,128,32,5,1,1,1,75.98080158233643,7065.875863631433
16384,64,256,1,m,n,n,16,128,32,6,1,1,1,128.65535736083984,4172.938640201647
16384,64,256,1,m,n,n,16,128,64,3,1,1,1,120.23615837097168,4465.136937788387
16384,64,256,1,m,n,n,16,128,64,4,1,1,1,125.11232376098633,4291.111345878559
16384,64,256,1,m,n,n,16,128,64,5,1,1,1,133.755521774292,4013.8224192788985
16384,64,256,1,m,n,n,32,8,16,3,1,1,1,66.17087841033936,8113.401618620687
16384,64,256,1,m,n,n,32,8,16,4,1,1,1,61.41952037811279,8741.04696185998
16384,64,256,1,m,n,n,32,8,16,5,1,1,1,58.572797775268555,9165.8744740154
16384,64,256,1,m,n,n,32,8,16,6,1,1,1,59.02336120605469,9095.905435235145
16384,64,256,1,m,n,n,32,8,32,3,1,1,1,56.750078201293945,9460.267351451139
16384,64,256,1,m,n,n,32,8,32,4,1,1,1,55.00927925109863,9759.642724082369
16384,64,256,1,m,n,n,32,8,32,5,1,1,1,54.25151824951172,9895.961059206524
16384,64,256,1,m,n,n,32,8,32,6,1,1,1,54.16959762573242,9910.92671039092
16384,64,256,1,m,n,n,32,8,64,3,1,1,1,53.5756778717041,10020.795505110118
16384,64,256,1,m,n,n,32,8,64,4,1,1,1,56.586241722106934,9487.658053640573
16384,64,256,1,m,n,n,32,8,64,5,1,1,1,65.02399921417236,8256.504036789325
16384,64,256,1,m,n,n,32,8,64,6,1,1,1,69.32479858398438,7744.283762319211
16384,64,256,1,m,n,n,32,8,128,3,1,1,1,69.52960014343262,7721.472738121448
16384,64,256,1,m,n,n,32,8,128,4,1,1,1,88.37120056152344,6075.17956742292
16384,64,256,1,m,n,n,32,8,128,5,1,1,1,183.19360733032227,2930.6203410905646
16384,64,256,1,m,n,n,32,8,128,6,1,1,1,200.84735870361328,2673.029486000115
16384,64,256,1,m,n,n,32,8,256,3,1,1,1,194.4166374206543,2761.445312102514
16384,64,256,1,m,n,n,32,8,256,4,1,1,1,204.71807479858398,2622.4890622296607
16384,64,256,1,m,n,n,32,128,16,3,1,1,1,38.891520500183105,13804.317884600894
16384,64,256,1,m,n,n,32,128,16,4,1,1,1,37.02784061431885,14499.114803696908
16384,64,256,1,m,n,n,32,128,16,5,1,1,1,46.91967964172363,11442.339677071965
16384,64,256,1,m,n,n,32,128,16,6,1,1,1,48.00511837005615,11183.618127163718
16384,64,256,1,m,n,n,32,128,32,3,1,1,1,45.81376075744629,11718.551437904827
16384,64,256,1,m,n,n,32,128,32,3,2,2,1,29.327359199523926,18306.145751054024
16384,64,256,1,m,n,n,32,128,32,4,1,1,1,59.7811222076416,8980.609466233369
16384,64,256,1,m,n,n,32,128,32,4,2,2,1,32.80895948410034,16363.545825346117
16384,64,256,1,m,n,n,32,128,32,5,1,1,1,101.86304092407227,5270.517227147955
16384,64,256,1,m,n,n,32,128,32,5,2,2,1,44.6668815612793,12019.440203441496
16384,64,256,1,m,n,n,32,128,32,6,1,1,1,106.76223754882812,5028.659236881019
16384,64,256,1,m,n,n,32,128,32,6,2,2,1,44.13440227508545,12164.454129314718
16384,64,256,1,m,n,n,32,128,64,3,1,1,1,102.60479927062988,5232.415206855501
16384,64,256,1,m,n,n,32,128,64,3,2,2,1,41.73823833465576,12862.807186431479
16384,64,256,1,m,n,n,32,128,64,4,1,1,1,105.39008140563965,5094.131296223393
16384,64,256,1,m,n,n,32,128,64,4,2,2,1,43.683838844299316,12289.920625189307
16384,64,256,1,m,n,n,32,256,32,3,2,2,1,67.03104019165039,8009.288091979729
16384,64,256,1,m,n,n,32,256,32,4,2,2,1,67.70751953125,7929.26569628962
16384,64,256,1,m,n,n,32,256,32,5,2,2,1,69.30496215820312,7746.500326693484
16384,64,256,1,m,n,n,64,8,16,3,1,1,1,53.26848030090332,10078.585102622044
16384,64,256,1,m,n,n,64,8,16,4,1,1,1,48.00511837005615,11183.618127163718
16384,64,256,1,m,n,n,64,8,16,5,1,1,1,48.947200775146484,10968.36802713757
16384,64,256,1,m,n,n,64,8,16,6,1,1,1,47.022080421447754,11417.421500455814
16384,64,256,1,m,n,n,64,8,32,3,1,1,1,46.28096103668213,11600.25418604592
16384,64,256,1,m,n,n,64,8,32,4,1,1,1,45.52383899688721,11793.181854384242
16384,64,256,1,m,n,n,64,8,32,5,1,1,1,51.87583923339844,10349.151357041652
16384,64,256,1,m,n,n,64,8,32,6,1,1,1,56.856961250305176,9442.48338627345
16384,64,256,1,m,n,n,64,8,64,3,1,1,1,55.29600143432617,9709.036785193766
16384,64,256,1,m,n,n,64,8,64,4,1,1,1,71.20895862579346,7539.373168217257
16384,64,256,1,m,n,n,64,8,64,5,1,1,1,78.31552028656006,6855.230100439414
16384,64,256,1,m,n,n,64,8,64,6,1,1,1,133.79584312438965,4012.612794710464
16384,64,256,1,m,n,n,64,8,128,3,1,1,1,129.80223655700684,4136.068270011787
16384,64,256,1,m,n,n,64,8,128,4,1,1,1,142.6022434234619,3764.8139265645677
16384,64,256,1,m,n,n,64,8,128,5,1,1,1,159.10911560058594,3374.231011048514
16384,64,256,1,m,n,n,64,16,16,3,2,2,1,33.73055934906006,15916.454466236433
16384,64,256,1,m,n,n,64,16,16,4,2,2,1,30.67903995513916,17499.59949154363
16384,64,256,1,m,n,n,64,16,16,5,2,2,1,30.597119331359863,17546.452860016325
16384,64,256,1,m,n,n,64,16,16,6,2,2,1,31.764481067657474,16901.611295222476
16384,64,256,1,m,n,n,64,16,32,3,2,2,1,28.098559379577637,19106.705961238855
16384,64,256,1,m,n,n,64,16,32,4,2,2,1,28.671998977661133,18724.572096221324
16384,64,256,1,m,n,n,64,16,32,5,2,2,1,30.47424077987671,17617.203850227375
16384,64,256,1,m,n,n,64,16,32,6,2,2,1,31.703040599822998,16934.366604665593
16384,64,256,1,m,n,n,64,16,64,3,2,2,1,28.590080738067627,18778.223010932517
16384,64,256,1,m,n,n,64,16,64,4,2,2,1,32.70656108856201,16414.777161875085
16384,64,256,1,m,n,n,64,16,64,5,2,2,1,47.90272235870361,11207.52403130287
16384,64,256,1,m,n,n,64,16,64,6,2,2,1,49.82783794403076,10774.517501703396
16384,64,256,1,m,n,n,64,16,128,3,2,2,1,49.6230411529541,10818.984478302971
16384,64,256,1,m,n,n,64,16,128,4,2,2,1,51.69151782989502,10386.054318751474
16384,64,256,1,m,n,n,64,128,16,3,1,1,1,98.51072311401367,5449.872816166824
16384,64,256,1,m,n,n,64,128,16,3,2,2,1,28.11903953552246,19092.789827397097
16384,64,256,1,m,n,n,64,128,16,4,1,1,1,98.79551887512207,5434.1625826026275
16384,64,256,1,m,n,n,64,128,16,4,2,2,1,27.504639625549316,19519.285448164737
16384,64,256,1,m,n,n,64,128,16,5,1,1,1,124.47744369506836,4312.997568580935
16384,64,256,1,m,n,n,64,128,16,5,2,2,1,27.648000717163086,19418.073570387533
16384,64,256,1,m,n,n,64,128,16,6,1,1,1,128.10239791870117,4190.9513070998055
16384,64,256,1,m,n,n,64,128,16,6,2,2,1,27.607040405273438,19446.883987515306
16384,64,256,1,m,n,n,64,128,32,3,1,1,1,129.18784141540527,4155.738698920468
16384,64,256,1,m,n,n,64,128,32,3,2,2,1,27.750399112701416,19346.421282794203
16384,64,256,1,m,n,n,64,128,32,4,1,1,1,129.88415718078613,4133.459566225062
16384,64,256,1,m,n,n,64,128,32,4,2,2,1,28.26240062713623,18995.941607469882
16384,64,256,1,m,n,n,64,128,32,5,1,1,1,154.39871788024902,3477.1720864702697
16384,64,256,1,m,n,n,64,128,32,5,2,2,1,35.57375907897949,15091.767805816076
16384,64,256,1,m,n,n,64,128,32,6,1,1,1,198.4511947631836,2705.304508953249
16384,64,256,1,m,n,n,64,128,32,6,2,2,1,36.10624074935913,14869.199918286402
16384,64,256,1,m,n,n,64,128,64,3,1,1,1,198.84031295776367,2700.010395346936
16384,64,256,1,m,n,n,64,128,64,3,2,2,1,33.58720064163208,15984.389938545119
16384,64,256,1,m,n,n,64,128,64,4,1,1,1,201.99167251586914,2657.8863638936486
16384,64,256,1,m,n,n,64,128,64,4,2,2,1,34.71359968185425,15465.7228556057
16384,64,256,1,m,n,n,64,256,16,3,2,2,1,47.51359939575195,11299.310488525103
16384,64,256,1,m,n,n,64,256,16,4,2,2,1,49.090561866760254,10936.336672152069
16384,64,256,1,m,n,n,64,256,16,5,2,2,1,62.58687973022462,8578.010508178968
16384,64,256,1,m,n,n,64,256,16,6,2,2,1,60.62079906463623,8856.216352865418
16384,64,256,1,m,n,n,64,256,32,3,2,2,1,58.18367958068848,9227.17359694437
16384,64,256,1,m,n,n,64,256,32,4,2,2,1,58.04031848907471,9249.964954983123
16384,64,256,1,m,n,n,128,8,16,3,1,1,1,43.90912055969238,12226.86551579072
16384,64,256,1,m,n,n,128,8,16,4,1,1,1,44.19519901275635,12147.720204745305
16384,64,256,1,m,n,n,128,8,16,5,1,1,1,48.02559852600098,11178.848957173102
16384,64,256,1,m,n,n,128,8,16,6,1,1,1,51.99872016906738,10324.69472814775
16384,64,256,1,m,n,n,128,8,32,3,1,1,1,49.17247772216797,10918.11795682542
16384,64,256,1,m,n,n,128,8,32,4,1,1,1,57.139201164245605,9395.842102460869
16384,64,256,1,m,n,n,128,8,32,5,1,1,1,59.92447853088379,8959.125305083935
16384,64,256,1,m,n,n,128,8,32,6,1,1,1,98.91839981079102,5427.412018663011
16384,64,256,1,m,n,n,128,8,64,3,1,1,1,97.79199600219727,5489.926926002586
16384,64,256,1,m,n,n,128,8,64,4,1,1,1,106.4345645904541,5044.140632940128
16384,64,256,1,m,n,n,128,8,64,5,1,1,1,114.27840232849121,4697.921051230434
16384,64,256,1,m,n,n,128,16,16,3,2,2,1,27.258880138397217,19695.266616758647
16384,64,256,1,m,n,n,128,16,16,4,2,2,1,28.037118911743164,19148.576345878933
16384,64,256,1,m,n,n,128,16,16,5,2,2,1,26.419200897216797,20321.23961995225
16384,64,256,1,m,n,n,128,16,16,6,2,2,1,29.20448064804077,18383.1692975515
16384,64,256,1,m,n,n,128,16,32,3,2,2,1,26.521599292755127,20242.780462589086
16384,64,256,1,m,n,n,128,16,32,4,2,2,1,28.671998977661133,18724.572096221324
16384,64,256,1,m,n,n,128,16,32,5,2,2,1,29.900801181793213,17955.06778349819
16384,64,256,1,m,n,n,128,16,32,6,2,2,1,38.502399921417236,13943.82981569317
16384,64,256,1,m,n,n,128,16,64,3,2,2,1,37.43743896484375,14340.481796956186
16384,64,256,1,m,n,n,128,16,64,4,2,2,1,39.83360052108765,13477.840440654722
16384,64,256,1,m,n,n,128,16,64,5,2,2,1,43.43808174133301,12359.45259270385
16384,64,256,1,m,n,n,128,128,16,3,1,1,1,409.1872024536133,1312.0422847556222
16384,64,256,1,m,n,n,128,128,16,3,2,2,1,27.484159469604492,19533.83048129017
16384,64,256,1,m,n,n,128,128,16,4,1,1,1,397.4803161621094,1350.6855312579585
16384,64,256,1,m,n,n,128,128,16,4,2,2,1,27.70944118499756,19375.017648882527
16384,64,256,1,m,n,n,128,128,16,5,1,1,1,401.3670349121094,1337.605895106864
16384,64,256,1,m,n,n,128,128,16,5,2,2,1,27.951359748840332,19207.327186373255
16384,64,256,1,m,n,n,128,128,16,6,1,1,1,397.76256561279297,1349.7270945366533
16384,64,256,1,m,n,n,128,128,16,6,2,2,1,28.75391960144043,18671.22533002789
16384,64,256,1,m,n,n,128,128,32,3,1,1,1,435.2000045776367,1233.6188105536332
16384,64,256,1,m,n,n,128,128,32,3,2,2,1,26.869759559631348,19980.488132338385
16384,64,256,1,m,n,n,128,128,32,4,1,1,1,399.2166519165039,1344.81091763749
16384,64,256,1,m,n,n,128,128,32,4,2,2,1,29.98271942138672,17906.01127451599
16384,64,256,1,m,n,n,128,128,32,5,1,1,1,401.46942138671875,1337.2647663814344
16384,64,256,1,m,n,n,128,128,32,5,2,2,1,30.863358974456787,17395.090159963678
16384,64,256,1,m,n,n,128,128,32,6,1,1,1,393.1955337524414,1365.4044003918357
16384,64,256,1,m,n,n,128,128,32,6,2,2,1,31.088640689849854,17269.03782497262
16384,64,256,1,m,n,n,128,128,64,3,1,1,1,417.7715301513672,1285.0825708623101
16384,64,256,1,m,n,n,128,128,64,3,2,2,1,31.477758884429935,17055.56338909363
16384,64,256,1,m,n,n,128,256,16,3,2,2,1,197.57055282592773,2717.36300942083
16384,64,256,1,m,n,n,128,256,16,4,2,2,1,196.5260887145996,2731.804797579105
16384,64,256,1,m,n,n,128,256,16,5,2,2,1,198.7379264831543,2701.4013958000464
16384,64,256,1,m,n,n,128,256,16,6,2,2,1,197.98015594482422,2711.7410299930384
16384,64,256,1,m,n,n,128,256,32,3,2,2,1,187.02335357666016,2870.608946598419
16384,64,256,1,m,n,n,128,256,32,4,2,2,1,187.10527420043945,2869.35210294964
16384,64,256,1,m,n,n,256,8,16,3,1,1,1,49.295358657836914,10890.90183370943
16384,64,256,1,m,n,n,256,8,16,4,1,1,1,57.46687889099121,9342.266751921385
16384,64,256,1,m,n,n,256,8,16,5,1,1,1,57.46687889099121,9342.266751921385
16384,64,256,1,m,n,n,256,8,16,6,1,1,1,96.03072166442871,5590.616239207806
16384,64,256,1,m,n,n,256,8,32,3,1,1,1,89.64096069335938,5989.124925116645
16384,64,256,1,m,n,n,256,8,32,4,1,1,1,91.62752151489258,5859.275718952414
16384,64,256,1,m,n,n,256,8,32,5,1,1,1,96.1945629119873,5581.0941465705
16384,64,256,1,m,n,n,256,8,32,6,1,1,1,102.85056114196777,5219.912327546183
16384,64,256,1,m,n,n,256,8,64,3,1,1,1,115.60959815979004,4643.826468957732
16384,64,256,1,m,n,n,256,16,16,3,2,2,1,27.66848087310791,19403.700349946066
16384,64,256,1,m,n,n,256,16,16,4,2,2,1,30.63807964324951,17522.994856444562
16384,64,256,1,m,n,n,256,16,16,5,2,2,1,31.805438995361328,16879.84599358305
16384,64,256,1,m,n,n,256,16,16,6,2,2,1,37.355520725250244,14371.929545533152
16384,64,256,1,m,n,n,256,16,32,3,2,2,1,41.26719951629639,13009.627944052518
16384,64,256,1,m,n,n,256,16,32,4,2,2,1,40.53120136260986,13245.867231936154
16384,64,256,1,m,n,n,256,16,32,5,2,2,1,42.55743980407715,12615.20698781711
16384,64,256,1,m,n,n,256,128,16,3,1,1,1,668.3647918701172,803.2603131260237
16384,64,256,1,m,n,n,256,128,16,3,2,2,1,98.14144134521484,5470.379328458646
16384,64,256,1,m,n,n,256,128,16,4,1,1,1,678.3385467529297,791.4498071352324
16384,64,256,1,m,n,n,256,128,16,4,2,2,1,98.03775787353516,5476.164731271622
16384,64,256,1,m,n,n,256,128,16,5,1,1,1,672.3379516601562,798.5134717954606
16384,64,256,1,m,n,n,256,128,16,5,2,2,1,98.48447799682617,5451.325152145311
16384,64,512,1,m,n,n,16,128,16,3,1,1,1,76.59520149230957,14018.395448803767
16384,64,512,1,m,n,n,16,128,16,4,1,1,1,71.88928127288818,14936.04894899601
16384,64,512,1,m,n,n,16,128,16,5,1,1,1,79.31903839111328,13537.0000163832
16384,64,512,1,m,n,n,16,128,16,6,1,1,1,94.61759567260742,11348.225627243
16384,64,512,1,m,n,n,16,128,32,3,1,1,1,93.47071647644043,11487.467567135209
16384,64,512,1,m,n,n,16,128,32,4,1,1,1,127.26271629333496,8437.206554078828
16384,64,512,1,m,n,n,16,128,32,5,1,1,1,126.54591560363771,8484.997867202077
16384,64,512,1,m,n,n,16,128,32,6,1,1,1,222.3103904724121,4829.921902068034
16384,64,512,1,m,n,n,16,128,64,3,1,1,1,207.89247512817383,5164.890279640937
16384,64,512,1,m,n,n,16,128,64,4,1,1,1,209.46943283081055,5126.0072149394055
16384,64,512,1,m,n,n,16,128,64,5,1,1,1,218.7059211730957,4909.523337277104
16384,64,512,1,m,n,n,32,8,16,3,1,1,1,114.85183715820312,9348.93033117938
16384,64,512,1,m,n,n,32,8,16,4,1,1,1,104.81663703918457,10244.001852478756
16384,64,512,1,m,n,n,32,8,16,5,1,1,1,99.65567588806152,10774.517501703396
16384,64,512,1,m,n,n,32,8,16,6,1,1,1,100.65919876098633,10667.1008434071
16384,64,512,1,m,n,n,32,8,32,3,1,1,1,100.86400032043457,10645.441590546008
16384,64,512,1,m,n,n,32,8,32,4,1,1,1,96.46080017089844,11131.380022741514
16384,64,512,1,m,n,n,32,8,32,5,1,1,1,96.60415649414062,11114.861543924628
16384,64,512,1,m,n,n,32,8,32,6,1,1,1,95.98976135253906,11186.0036827938
16384,64,512,1,m,n,n,32,8,64,3,1,1,1,94.63808059692383,11345.769242438562
16384,64,512,1,m,n,n,32,8,64,4,1,1,1,99.67616081237793,10772.303179103394
16384,64,512,1,m,n,n,32,8,64,5,1,1,1,104.65279579162598,10260.039551527376
16384,64,512,1,m,n,n,32,8,64,6,1,1,1,109.3830394744873,9816.34656669457
16384,64,512,1,m,n,n,32,8,128,3,1,1,1,103.19552421569824,10404.926300443765
16384,64,512,1,m,n,n,32,8,128,4,1,1,1,133.6524772644043,8033.834059624797
16384,64,512,1,m,n,n,32,8,128,5,1,1,1,241.52063369750977,4445.756072935771
16384,64,512,1,m,n,n,32,8,128,6,1,1,1,260.5670356750488,4120.789190460206
16384,64,512,1,m,n,n,32,8,256,3,1,1,1,251.78112030029297,4264.584345003213
16384,64,512,1,m,n,n,32,8,256,4,1,1,1,260.894718170166,4115.613499310716
16384,64,512,1,m,n,n,32,128,16,3,1,1,1,61.50144100189209,17458.807574394337
16384,64,512,1,m,n,n,32,128,16,4,1,1,1,60.047359466552734,17881.582696373018
16384,64,512,1,m,n,n,32,128,16,5,1,1,1,83.88671875,12799.90253522701
16384,64,512,1,m,n,n,32,128,16,6,1,1,1,85.44256210327148,12566.826152780919
16384,64,512,1,m,n,n,32,128,32,3,1,1,1,81.34655952453613,13199.59725741238
16384,64,512,1,m,n,n,32,128,32,3,2,2,1,50.17600059509277,21399.509950281135
16384,64,512,1,m,n,n,32,128,32,4,1,1,1,107.47903823852539,9990.244066169193
16384,64,512,1,m,n,n,32,128,32,4,2,2,1,55.354881286621094,19397.418963655447
16384,64,512,1,m,n,n,32,128,32,5,1,1,1,184.83392715454102,5809.224748561645
16384,64,512,1,m,n,n,32,128,32,5,2,2,1,74.69056129455566,14375.8703293915
16384,64,512,1,m,n,n,32,128,32,6,1,1,1,192.0217514038086,5591.771849544245
16384,64,512,1,m,n,n,32,128,32,6,2,2,1,73.66655826568604,14575.702317019337
16384,64,512,1,m,n,n,32,128,64,3,1,1,1,185.61023712158203,5784.927817837206
16384,64,512,1,m,n,n,32,128,64,3,2,2,1,68.50560188293457,15673.78133301942
16384,64,512,1,m,n,n,32,128,64,4,1,1,1,185.71264266967773,5781.737896594563
16384,64,512,1,m,n,n,32,128,64,4,2,2,1,70.67647933959961,15192.350185422847
16384,64,512,1,m,n,n,32,256,32,3,2,2,1,118.94783973693848,9026.997265142903
16384,64,512,1,m,n,n,32,256,32,4,2,2,1,119.58271980285645,8979.071773665679
16384,64,512,1,m,n,n,32,256,32,5,2,2,1,120.93440055847168,8878.712914121128
16384,64,512,1,m,n,n,64,8,16,3,1,1,1,88.22784423828125,12170.101550935475
16384,64,512,1,m,n,n,64,8,16,4,1,1,1,85.23776054382324,12597.020582772793
16384,64,512,1,m,n,n,64,8,16,5,1,1,1,87.90016174316406,12215.470400809634
16384,64,512,1,m,n,n,64,8,16,6,1,1,1,87.0195198059082,12339.091578474765
16384,64,512,1,m,n,n,64,8,32,3,1,1,1,85.1353645324707,12612.171568143976
16384,64,512,1,m,n,n,64,8,32,4,1,1,1,83.21023941040039,12903.962680652905
16384,64,512,1,m,n,n,64,8,32,5,1,1,1,87.65439987182617,12249.719644080542
16384,64,512,1,m,n,n,64,8,32,6,1,1,1,93.08159828186035,11535.48976188186
16384,64,512,1,m,n,n,64,8,64,3,1,1,1,94.00320053100586,11422.396449638316
16384,64,512,1,m,n,n,64,8,64,4,1,1,1,108.03199768066406,9939.109218121792
16384,64,512,1,m,n,n,64,8,64,5,1,1,1,114.89279747009277,9345.597353737521
16384,64,512,1,m,n,n,64,8,64,6,1,1,1,194.99008178710938,5506.648410826935
16384,64,512,1,m,n,n,64,8,128,3,1,1,1,187.22816467285156,5734.937507271813
16384,64,512,1,m,n,n,64,8,128,4,1,1,1,197.61152267456055,5433.599263178127
16384,64,512,1,m,n,n,64,8,128,5,1,1,1,213.29984664916992,5033.954974032696
16384,64,512,1,m,n,n,64,16,16,3,2,2,1,53.985280990600586,19889.52922532625
16384,64,512,1,m,n,n,64,16,16,4,2,2,1,51.93727970123291,20673.81715362561
16384,64,512,1,m,n,n,64,16,16,5,2,2,1,53.55519771575928,20049.2551572457
16384,64,512,1,m,n,n,64,16,16,6,2,2,1,54.763522148132324,19606.880307946365
16384,64,512,1,m,n,n,64,16,32,3,2,2,1,46.878719329833984,22904.674857801896
16384,64,512,1,m,n,n,64,16,32,4,2,2,1,47.69792079925537,22511.292022958845
16384,64,512,1,m,n,n,64,16,32,5,2,2,1,50.31936168670654,21338.54222327433
16384,64,512,1,m,n,n,64,16,32,6,2,2,1,52.449278831481934,20472.003579875764
16384,64,512,1,m,n,n,64,16,64,3,2,2,1,47.77984142303467,22472.69543013487
16384,64,512,1,m,n,n,64,16,64,4,2,2,1,52.08064079284668,20616.908848546263
16384,64,512,1,m,n,n,64,16,64,5,2,2,1,71.94623947143555,14924.224419349985
16384,64,512,1,m,n,n,64,16,64,6,2,2,1,76.69760227203369,13999.679158047415
16384,64,512,1,m,n,n,64,16,128,3,2,2,1,70.45119762420654,15240.930746521048
16384,64,512,1,m,n,n,64,16,128,4,2,2,1,79.29855823516846,13540.496169119524
16384,64,512,1,m,n,n,64,128,16,3,1,1,1,185.09824752807617,5800.929173233432
16384,64,512,1,m,n,n,64,128,16,3,2,2,1,50.36032199859619,21321.18662843202
16384,64,512,1,m,n,n,64,128,16,4,1,1,1,186.04032516479492,5771.554221101674
16384,64,512,1,m,n,n,64,128,16,4,2,2,1,49.78687763214111,21566.763674828653
16384,64,512,1,m,n,n,64,128,16,5,1,1,1,235.37664413452148,4561.802756378579
16384,64,512,1,m,n,n,64,128,16,5,2,2,1,49.56160068511963,21664.793088944363
16384,64,512,1,m,n,n,64,128,16,6,1,1,1,243.75295639038086,4405.041234783451
16384,64,512,1,m,n,n,64,128,16,6,2,2,1,47.94367790222168,22395.90016831486
16384,64,512,1,m,n,n,64,128,32,3,1,1,1,247.193603515625,4343.728190086962
16384,64,512,1,m,n,n,64,128,32,3,2,2,1,49.090561866760254,21872.673344304138
16384,64,512,1,m,n,n,64,128,32,4,1,1,1,248.09471130371094,4327.9512826275195
16384,64,512,1,m,n,n,64,128,32,4,2,2,1,49.96543884277344,21489.690651547167
16384,64,512,1,m,n,n,64,128,32,5,1,1,1,292.55680084228516,3670.1994994088172
16384,64,512,1,m,n,n,64,128,32,5,2,2,1,61.11231803894043,17569.973754158986
16384,64,512,1,m,n,n,64,128,32,6,1,1,1,379.86305236816406,2826.655072942781
16384,64,512,1,m,n,n,64,128,32,6,2,2,1,61.665282249450684,17412.420487373427
16384,64,512,1,m,n,n,64,128,64,3,1,1,1,382.21824645996094,2809.2374813207125
16384,64,512,1,m,n,n,64,128,64,3,2,2,1,56.34047985076904,19058.088018491442
16384,64,512,1,m,n,n,64,128,64,4,1,1,1,385.08544921875,2788.3209458533834
16384,64,512,1,m,n,n,64,128,64,4,2,2,1,57.46687889099121,18684.53350384277
16384,64,512,1,m,n,n,64,256,16,3,2,2,1,87.61343955993652,12255.446531869706
16384,64,512,1,m,n,n,64,256,16,4,2,2,1,90.54207801818848,11859.036676674268
16384,64,512,1,m,n,n,64,256,16,5,2,2,1,115.36383628845215,9307.438609403118
16384,64,512,1,m,n,n,64,256,16,6,2,2,1,111.3702392578125,9641.191678814484
16384,64,512,1,m,n,n,64,256,32,3,2,2,1,105.75872421264648,10152.749401941097
16384,64,512,1,m,n,n,64,256,32,4,2,2,1,105.47264099121094,10180.287645300123
16384,64,512,1,m,n,n,128,8,16,3,1,1,1,79.64928150177002,13480.872692820698
16384,64,512,1,m,n,n,128,8,16,4,1,1,1,77.92640209197998,13778.922100530383
16384,64,512,1,m,n,n,128,8,16,5,1,1,1,85.1353645324707,12612.171568143976
16384,64,512,1,m,n,n,128,8,16,6,1,1,1,91.27936363220215,11763.248353992669
16384,64,512,1,m,n,n,128,8,32,3,1,1,1,85.64736366271973,12536.776125747518
16384,64,512,1,m,n,n,128,8,32,4,1,1,1,93.36832046508789,11500.06574662004
16384,64,512,1,m,n,n,128,8,32,5,1,1,1,95.92831611633301,11193.168685436582
16384,64,512,1,m,n,n,128,8,32,6,1,1,1,156.8563175201416,6845.384623173518
16384,64,512,1,m,n,n,128,8,64,3,1,1,1,153.57952117919922,6991.4388048334895
16384,64,512,1,m,n,n,128,8,64,4,1,1,1,164.90495681762695,6511.276827096722
16384,64,512,1,m,n,n,128,8,64,5,1,1,1,173.01504135131836,6206.060557588729
16384,64,512,1,m,n,n,128,16,16,3,2,2,1,46.71487808227539,22985.007519636452
16384,64,512,1,m,n,n,128,16,16,4,2,2,1,47.10400104522705,22795.12992896386
16384,64,512,1,m,n,n,128,16,16,5,2,2,1,45.11744022369385,23798.819673198446
16384,64,512,1,m,n,n,128,16,16,6,2,2,1,50.626559257507324,21209.061799726725
16384,64,512,1,m,n,n,128,16,32,3,2,2,1,44.54400062561035,24105.19506374687
16384,64,512,1,m,n,n,128,16,32,4,2,2,1,47.34975814819336,22676.81749586653
16384,64,512,1,m,n,n,128,16,32,5,2,2,1,48.701438903808594,22047.43531542823
16384,64,512,1,m,n,n,128,16,32,6,2,2,1,61.378560066223145,17493.760408219223
16384,64,512,1,m,n,n,128,16,64,3,2,2,1,57.56927967071533,18651.298576976933
16384,64,512,1,m,n,n,128,16,64,4,2,2,1,60.641279220581055,17706.450751051812
16384,64,512,1,m,n,n,128,16,64,5,2,2,1,66.60096168518066,16122.016812242482
16384,64,512,1,m,n,n,128,128,16,3,1,1,1,814.1619110107422,1318.8308240396582
16384,64,512,1,m,n,n,128,128,16,3,2,2,1,49.02912139892578,21900.082917323612
16384,64,512,1,m,n,n,128,128,16,4,1,1,1,780.0832366943359,1376.4451964768086
16384,64,512,1,m,n,n,128,128,16,4,2,2,1,49.60256099700928,21646.902950529915
16384,64,512,1,m,n,n,128,128,16,5,1,1,1,782.8479766845703,1371.5840827070801
16384,64,512,1,m,n,n,128,128,16,5,2,2,1,49.95071887969971,21496.023442344802
16384,64,512,1,m,n,n,128,128,16,6,1,1,1,771.1507415771484,1392.3890182663845
16384,64,512,1,m,n,n,128,128,16,6,2,2,1,50.483198165893555,21269.290833587085
16384,64,512,1,m,n,n,128,128,32,3,1,1,1,849.6332550048828,1263.7709478471736
16384,64,512,1,m,n,n,128,128,32,3,2,2,1,47.329277992248535,22686.630127251356
16384,64,512,1,m,n,n,128,128,32,4,1,1,1,797.3478698730469,1346.641616000003
16384,64,512,1,m,n,n,128,128,32,4,2,2,1,52.06143856048584,20624.51314618418
16384,64,512,1,m,n,n,128,128,32,5,1,1,1,802.1401977539062,1338.5962042628116
16384,64,512,1,m,n,n,128,128,32,5,2,2,1,53.391361236572266,20110.778207027684
16384,64,512,1,m,n,n,128,128,32,6,1,1,1,817.0291137695312,1314.2026470098137
16384,64,512,1,m,n,n,128,128,32,6,2,2,1,53.67807865142822,20003.357999689335
16384,64,512,1,m,n,n,128,128,64,3,1,1,1,807.8336334228516,1329.1620694851188
16384,64,512,1,m,n,n,128,128,64,3,2,2,1,52.71552085876465,20368.608836793395
16384,64,512,1,m,n,n,128,256,16,3,2,2,1,379.0041732788086,2833.0606882529455
16384,64,512,1,m,n,n,128,256,16,4,2,2,1,378.6342239379883,2835.8287659064194
16384,64,512,1,m,n,n,128,256,16,5,2,2,1,384.4300842285156,2793.074392590302
16384,64,512,1,m,n,n,128,256,16,6,2,2,1,386.5599822998047,2777.6848953993303
16384,64,512,1,m,n,n,128,256,32,3,2,2,1,379.1872024536133,2831.6932033890384
16384,64,512,1,m,n,n,128,256,32,4,2,2,1,373.8623809814453,2872.0242490866967
16384,64,512,1,m,n,n,256,8,16,3,1,1,1,88.0844783782959,12189.909547838919
16384,64,512,1,m,n,n,256,8,16,4,1,1,1,100.98688125610352,10632.488206829385
16384,64,512,1,m,n,n,256,8,16,5,1,1,1,98.95936012268066,10850.331112376578
16384,64,512,1,m,n,n,256,8,16,6,1,1,1,167.28063583374023,6418.805252911575
16384,64,512,1,m,n,n,256,8,32,3,1,1,1,152.7603244781494,7028.9312861048975
16384,64,512,1,m,n,n,256,8,32,4,1,1,1,152.78079986572266,7027.989282316232
16384,64,512,1,m,n,n,256,8,32,5,1,1,1,157.26655960083008,6827.527903740909
16384,64,512,1,m,n,n,256,8,32,6,1,1,1,163.9628791809082,6548.688516351855
16384,64,512,1,m,n,n,256,8,64,3,1,1,1,188.1497573852539,5706.846710418101
16384,64,512,1,m,n,n,256,16,16,3,2,2,1,48.53759765625,22121.857608289323
16384,64,512,1,m,n,n,256,16,16,4,2,2,1,53.02271842956543,20250.599286536813
16384,64,512,1,m,n,n,256,16,16,5,2,2,1,55.43935775756836,19367.861884248057
16384,64,512,1,m,n,n,256,16,16,6,2,2,1,65.35168170928955,16430.209535791808
16384,64,512,1,m,n,n,256,16,32,3,2,2,1,71.51616096496582,15013.974596958615
16384,64,512,1,m,n,n,256,16,32,4,2,2,1,69.12000179290771,15534.458856310024
16384,64,512,1,m,n,n,256,16,32,5,2,2,1,72.90688037872314,14727.57877476481
16384,64,512,1,m,n,n,256,128,16,3,1,1,1,1315.9628295898438,815.9362862358821
16384,64,512,1,m,n,n,256,128,16,3,2,2,1,186.79807662963867,5748.1417548473455
16384,64,512,1,m,n,n,256,128,16,4,1,1,1,1321.4924621582031,812.5220950911913
16384,64,512,1,m,n,n,256,128,16,4,2,2,1,178.24127197265625,6024.092019297985
16384,64,512,1,m,n,n,256,128,16,5,1,1,1,1308.9382934570312,820.3150823589591
16384,64,512,1,m,n,n,256,128,16,5,2,2,1,180.01920700073242,5964.595900012111
