M,N,K,cta_M,cta_N,cta_K,stages,splitk,nvmmh_rank,nvmmh_estimated_ms,cute_time_us,cute_gflops
64,64,4096,128,128,32,6,6,1,0.5402028850278117,-1,-1
64,64,4096,128,128,32,6,6,2,0.5402028850278117,-1,-1
64,64,4096,128,128,64,3,3,3,1.7320739950162345,-1,-1
64,64,4096,256,128,32,4,6,4,0.8785457460049502,-1,-1
64,64,4096,256,128,64,2,3,5,2.7707078938297762,-1,-1
64,64,4096,64,64,64,6,3,6,0.7852385468554053,-1,-1
64,64,4096,64,32,64,8,3,7,0.21280963671385134,-1,-1
64,64,4096,128,64,32,8,6,8,0.3710314545392426,-1,-1
64,64,8192,128,128,32,6,12,1,0.3078229264191662,-1,-1
64,64,8192,128,128,32,6,12,2,0.3078229264191662,-1,-1
64,64,8192,128,128,64,3,6,3,0.8759229331291585,-1,-1
64,64,8192,256,128,32,4,12,4,0.4737158408129957,-1,-1
64,64,8192,256,128,64,2,6,5,1.3821258181569702,-1,-1
64,64,8192,64,64,64,6,6,6,0.412340757332963,-1,-1
64,64,8192,64,32,64,8,6,7,0.12858518933324073,-1,-1
64,64,8192,128,64,32,8,12,8,0.22487646922225143,-1,-1
128,64,8192,128,128,32,6,12,1,0.3078229264191662,-1,-1
128,64,8192,128,128,32,6,12,2,0.3078229264191662,-1,-1
128,64,8192,128,128,64,3,6,3,0.8759229331291585,-1,-1
128,64,8192,256,128,32,4,12,4,0.4737158408129957,-1,-1
128,64,8192,256,128,64,2,6,5,1.3821258181569702,-1,-1
128,64,8192,64,64,64,6,6,6,0.18120537265381315,-1,-1
128,64,8192,64,32,64,8,6,7,0.0708013431634533,-1,-1
128,64,8192,128,64,32,8,12,8,0.22487646922225143,-1,-1
240,240,240,32,32,32,6,1,1,0.012112339239451951,-1.0,-1
240,240,240,32,32,64,3,1,2,0.012112339239451951,-1.0,-1
240,240,240,64,16,32,6,1,3,0.01247925208667395,-1.0,-1
240,240,240,64,16,64,3,1,4,0.01247925208667395,-1.0,-1
240,240,240,64,16,64,3,1,5,0.01247925208667395,-1.0,-1
240,240,240,64,16,32,6,1,6,0.01247925208667395,-1.0,-1
240,240,240,80,72,64,3,1,7,0.03465034288732422,-1.0,-1
240,240,240,32,40,64,3,1,8,0.01249735490838534,-1.0,-1
256,256,256,32,32,32,6,1,1,0.012112339239451951,-1.0,-1
256,256,256,32,32,64,3,1,2,0.012112339239451951,-1.0,-1
256,256,256,64,16,32,6,1,3,0.012462017018955822,-1.0,-1
256,256,256,64,16,64,3,1,4,0.012462017018955822,-1.0,-1
256,256,256,64,16,64,3,1,5,0.012462017018955822,-1.0,-1
256,256,256,64,16,32,6,1,6,0.012462017018955822,-1.0,-1
256,256,256,80,72,64,3,1,7,0.02738125798351851,-1.0,-1
256,256,256,32,40,64,3,1,8,0.012509219782532357,-1.0,-1
512,768,3072,128,128,32,6,3,1,0.07541994254974373,-1,-1
512,768,3072,128,128,32,6,3,2,0.07541994254974373,-1,-1
512,768,3072,128,128,64,3,2,3,0.08561175815875485,-1,-1
512,768,3072,256,128,32,4,4,4,0.12123681986138775,-1,-1
512,768,3072,256,128,64,2,2,5,0.19755776947670461,-1,-1
512,768,3072,64,64,64,3,2,6,0.09319452022521628,-1,-1
512,768,3072,64,32,64,2,1,7,0.08860633129215147,-1.0,-1
512,768,3072,128,64,32,8,1,8,0.06095547095569678,-1.0,-1
768,768,768,128,64,32,8,1,1,0.028036309224833973,-1.0,-1
768,768,768,128,64,32,8,1,2,0.028036309224833973,-1.0,-1
768,768,768,128,64,64,4,1,3,0.028036309224833973,-1.0,-1
768,768,768,64,64,64,3,1,4,0.03228575180575475,-1.0,-1
768,768,768,64,32,64,2,1,5,0.03968282358152601,-1.0,-1
768,768,768,128,64,32,8,1,6,0.028036309224833973,-1.0,-1
768,768,768,256,32,32,5,1,7,0.03432211871920311,-1.0,-1
768,768,768,256,32,32,5,1,8,0.03432211871920311,-1.0,-1
16384,64,256,128,64,32,4,1,1,0.04723535339615094,-1.0,-1
16384,64,256,128,64,32,4,1,2,0.04723535339615094,-1.0,-1
16384,64,256,128,64,64,2,1,3,0.04723535339615094,-1.0,-1
16384,64,256,256,64,32,4,1,4,0.047222842814126274,-1.0,-1
16384,64,256,256,64,64,2,1,5,0.047222842814126274,-1.0,-1
16384,64,256,64,64,64,3,1,6,0.0683744708442548,-1.0,-1
16384,64,256,128,64,32,4,1,7,0.04723535339615094,-1.0,-1
16384,64,256,256,64,32,4,1,8,0.047222842814126274,-1.0,-1
16384,64,512,128,64,32,4,1,1,0.0701933473612624,-1.0,-1
16384,64,512,128,64,32,4,1,2,0.0701933473612624,-1.0,-1
16384,64,512,128,64,64,2,1,3,0.0701933473612624,-1.0,-1
16384,64,512,256,64,32,4,1,4,0.07017312319952314,-1.0,-1
16384,64,512,256,64,64,2,1,5,0.07017312319952314,-1.0,-1
16384,64,512,64,64,64,3,1,6,0.10443454151868743,-1.0,-1
16384,64,512,128,64,32,4,1,7,0.0701933473612624,-1.0,-1
16384,64,512,256,64,32,4,1,8,0.07017312319952314,-1.0,-1
