M,N,K,L,cta_m,cta_n,cta_k,stages,atom_m,atom_n,atom_k,a_major,b_major,c_major,success,output_file,error
256,3072,8192,1,128,128,32,4,2,2,1,m,n,n,True,/media/datassd/sina/libgen/cross_problem_analysis/results_5x5_analysis/ncu_profiles/prob0_cfg0_M256_N3072_K8192_L1_cta128x128x32_s4_atom2x2x1_mnn.ncu-rep,
256,3072,8192,1,128,128,32,3,2,2,1,m,n,n,True,/media/datassd/sina/libgen/cross_problem_analysis/results_5x5_analysis/ncu_profiles/prob0_cfg1_M256_N3072_K8192_L1_cta128x128x32_s3_atom2x2x1_mnn.ncu-rep,
256,3072,8192,1,128,128,32,4,2,2,1,m,n,n,True,/media/datassd/sina/libgen/cross_problem_analysis/results_5x5_analysis/ncu_profiles/prob0_cfg2_M256_N3072_K8192_L1_cta128x128x32_s4_atom2x2x1_mnn.ncu-rep,
256,3072,8192,1,128,128,32,3,2,2,1,m,n,n,True,/media/datassd/sina/libgen/cross_problem_analysis/results_5x5_analysis/ncu_profiles/prob0_cfg3_M256_N3072_K8192_L1_cta128x128x32_s3_atom2x2x1_mnn.ncu-rep,
256,3072,8192,1,128,128,32,4,2,2,1,m,n,n,True,/media/datassd/sina/libgen/cross_problem_analysis/results_5x5_analysis/ncu_profiles/prob0_cfg4_M256_N3072_K8192_L1_cta128x128x32_s4_atom2x2x1_mnn.ncu-rep,
256,8192,3072,1,128,128,32,4,2,2,1,m,n,n,True,/media/datassd/sina/libgen/cross_problem_analysis/results_5x5_analysis/ncu_profiles/prob1_cfg0_M256_N8192_K3072_L1_cta128x128x32_s4_atom2x2x1_mnn.ncu-rep,
256,8192,3072,1,128,128,32,3,2,2,1,m,n,n,True,/media/datassd/sina/libgen/cross_problem_analysis/results_5x5_analysis/ncu_profiles/prob1_cfg1_M256_N8192_K3072_L1_cta128x128x32_s3_atom2x2x1_mnn.ncu-rep,
256,8192,3072,1,128,128,32,4,2,2,1,m,n,n,True,/media/datassd/sina/libgen/cross_problem_analysis/results_5x5_analysis/ncu_profiles/prob1_cfg2_M256_N8192_K3072_L1_cta128x128x32_s4_atom2x2x1_mnn.ncu-rep,
256,8192,3072,1,128,128,32,3,2,2,1,m,n,n,True,/media/datassd/sina/libgen/cross_problem_analysis/results_5x5_analysis/ncu_profiles/prob1_cfg3_M256_N8192_K3072_L1_cta128x128x32_s3_atom2x2x1_mnn.ncu-rep,
256,8192,3072,1,128,128,32,4,2,2,1,m,n,n,True,/media/datassd/sina/libgen/cross_problem_analysis/results_5x5_analysis/ncu_profiles/prob1_cfg4_M256_N8192_K3072_L1_cta128x128x32_s4_atom2x2x1_mnn.ncu-rep,
3072,256,4096,1,128,128,32,4,2,2,1,m,n,n,True,/media/datassd/sina/libgen/cross_problem_analysis/results_5x5_analysis/ncu_profiles/prob2_cfg0_M3072_N256_K4096_L1_cta128x128x32_s4_atom2x2x1_mnn.ncu-rep,
3072,256,4096,1,128,128,32,3,2,2,1,m,n,n,True,/media/datassd/sina/libgen/cross_problem_analysis/results_5x5_analysis/ncu_profiles/prob2_cfg1_M3072_N256_K4096_L1_cta128x128x32_s3_atom2x2x1_mnn.ncu-rep,
3072,256,4096,1,128,128,32,4,2,2,1,m,n,n,True,/media/datassd/sina/libgen/cross_problem_analysis/results_5x5_analysis/ncu_profiles/prob2_cfg2_M3072_N256_K4096_L1_cta128x128x32_s4_atom2x2x1_mnn.ncu-rep,
3072,256,4096,1,128,128,32,3,2,2,1,m,n,n,True,/media/datassd/sina/libgen/cross_problem_analysis/results_5x5_analysis/ncu_profiles/prob2_cfg3_M3072_N256_K4096_L1_cta128x128x32_s3_atom2x2x1_mnn.ncu-rep,
3072,256,4096,1,128,128,32,4,2,2,1,m,n,n,True,/media/datassd/sina/libgen/cross_problem_analysis/results_5x5_analysis/ncu_profiles/prob2_cfg4_M3072_N256_K4096_L1_cta128x128x32_s4_atom2x2x1_mnn.ncu-rep,
4096,4096,4096,1,128,128,32,4,2,2,1,m,n,n,True,/media/datassd/sina/libgen/cross_problem_analysis/results_5x5_analysis/ncu_profiles/prob3_cfg0_M4096_N4096_K4096_L1_cta128x128x32_s4_atom2x2x1_mnn.ncu-rep,
4096,4096,4096,1,128,128,32,3,2,2,1,m,n,n,True,/media/datassd/sina/libgen/cross_problem_analysis/results_5x5_analysis/ncu_profiles/prob3_cfg1_M4096_N4096_K4096_L1_cta128x128x32_s3_atom2x2x1_mnn.ncu-rep,
4096,4096,4096,1,128,128,32,4,2,2,1,m,n,n,True,/media/datassd/sina/libgen/cross_problem_analysis/results_5x5_analysis/ncu_profiles/prob3_cfg2_M4096_N4096_K4096_L1_cta128x128x32_s4_atom2x2x1_mnn.ncu-rep,
4096,4096,4096,1,128,128,32,3,2,2,1,m,n,n,True,/media/datassd/sina/libgen/cross_problem_analysis/results_5x5_analysis/ncu_profiles/prob3_cfg3_M4096_N4096_K4096_L1_cta128x128x32_s3_atom2x2x1_mnn.ncu-rep,
4096,4096,4096,1,128,128,32,4,2,2,1,m,n,n,True,/media/datassd/sina/libgen/cross_problem_analysis/results_5x5_analysis/ncu_profiles/prob3_cfg4_M4096_N4096_K4096_L1_cta128x128x32_s4_atom2x2x1_mnn.ncu-rep,
4608,256,4096,1,128,128,32,4,2,2,1,m,n,n,True,/media/datassd/sina/libgen/cross_problem_analysis/results_5x5_analysis/ncu_profiles/prob4_cfg0_M4608_N256_K4096_L1_cta128x128x32_s4_atom2x2x1_mnn.ncu-rep,
4608,256,4096,1,128,128,32,3,2,2,1,m,n,n,True,/media/datassd/sina/libgen/cross_problem_analysis/results_5x5_analysis/ncu_profiles/prob4_cfg1_M4608_N256_K4096_L1_cta128x128x32_s3_atom2x2x1_mnn.ncu-rep,
4608,256,4096,1,128,128,32,4,2,2,1,m,n,n,True,/media/datassd/sina/libgen/cross_problem_analysis/results_5x5_analysis/ncu_profiles/prob4_cfg2_M4608_N256_K4096_L1_cta128x128x32_s4_atom2x2x1_mnn.ncu-rep,
4608,256,4096,1,128,128,32,3,2,2,1,m,n,n,True,/media/datassd/sina/libgen/cross_problem_analysis/results_5x5_analysis/ncu_profiles/prob4_cfg3_M4608_N256_K4096_L1_cta128x128x32_s3_atom2x2x1_mnn.ncu-rep,
4608,256,4096,1,128,128,32,4,2,2,1,m,n,n,True,/media/datassd/sina/libgen/cross_problem_analysis/results_5x5_analysis/ncu_profiles/prob4_cfg4_M4608_N256_K4096_L1_cta128x128x32_s4_atom2x2x1_mnn.ncu-rep,
