M,N,K,L,cta_m,cta_n,cta_k,stages,atom_m,atom_n,atom_k,a_major,b_major,c_major,success,elapsed_us,gflops,error
256,2048,8192,1,64,128,64,4,2,2,1,m,n,n,True,172.91263580322266,49677.888212724276,
256,2048,8192,1,128,128,16,3,2,2,1,m,n,n,True,333.33248138427734,25769.869639848337,
256,2048,8192,1,64,128,32,4,2,2,1,m,n,n,True,195.54304122924805,43928.61304601196,
256,2048,8192,1,64,128,64,3,2,2,1,m,n,n,True,172.33919143676758,49843.18726568765,
256,2048,8192,1,64,128,32,3,2,2,1,m,n,n,True,196.5056037902832,43713.43323708692,
256,8192,2048,1,64,128,64,4,2,2,1,m,n,n,True,181.47327423095703,47334.4332844724,
256,8192,2048,1,128,128,16,3,2,2,1,m,n,n,True,163.06175231933594,52679.02785183918,
256,8192,2048,1,64,128,32,4,2,2,1,m,n,n,True,169.9839973449707,50533.78392183192,
256,8192,2048,1,64,128,64,3,2,2,1,m,n,n,True,179.77344512939453,47781.99909234243,
256,8192,2048,1,64,128,32,3,2,2,1,m,n,n,True,170.80448150634766,50291.03754330222,
2048,2048,16384,1,64,128,64,4,2,2,1,m,n,n,True,2362.9005432128906,58165.35692404601,
2048,2048,16384,1,128,128,16,3,2,2,1,m,n,n,True,2204.917755126953,62332.916115543114,
2048,2048,16384,1,64,128,32,4,2,2,1,m,n,n,True,2046.3821411132815,67161.91991258772,
2048,2048,16384,1,64,128,64,3,2,2,1,m,n,n,True,2127.298583984375,64607.26975833379,
2048,2048,16384,1,64,128,32,3,2,2,1,m,n,n,True,2274.0582275390625,60437.745967803785,
4096,128,4096,1,64,128,64,4,2,2,1,m,n,n,True,89.96864318847656,47738.49136529061,
4096,128,4096,1,128,128,16,3,2,2,1,m,n,n,True,173.79327774047852,24713.080688964135,
4096,128,4096,1,64,128,32,4,2,2,1,m,n,n,True,100.47488212585449,42746.676633271774,
4096,128,4096,1,64,128,64,3,2,2,1,m,n,n,True,89.60127830505371,47934.21898934844,
4096,128,4096,1,64,128,32,3,2,2,1,m,n,n,True,100.80191612243652,42607.992597910794,
4096,4096,4096,1,64,128,64,4,2,2,1,m,n,n,True,2176.573486328125,63144.6419499758,
4096,4096,4096,1,128,128,16,3,2,2,1,m,n,n,True,1898.6802673339844,72386.57073367268,
4096,4096,4096,1,64,128,32,4,2,2,1,m,n,n,True,1868.9637756347656,73537.51595603875,
4096,4096,4096,1,64,128,64,3,2,2,1,m,n,n,True,2159.6351623535156,63639.89430613943,
4096,4096,4096,1,64,128,32,3,2,2,1,m,n,n,True,2020.0448608398438,68037.5748758664,
