shape_M,shape_N,shape_K,shape_L,kernel_cta_m,kernel_cta_n,kernel_cta_k,kernel_stages,kernel_atom_m,kernel_atom_n,kernel_atom_k,shape_id,kernel_row_index,subset_indices,shape_loss
128,4096,8192,1,64,128,64,4,2,2,1,0,1,1;2,0.0
128,8192,4096,1,128,128,32,3,2,2,1,1,2,1;2,0.0
256,2048,8192,1,64,128,64,4,2,2,1,2,1,1;2,0.003804410349645293
256,3072,8192,1,128,128,32,3,2,2,1,3,2,1;2,0.00316270183279288
256,3584,8192,1,128,128,32,3,2,2,1,4,2,1;2,0.0027918465654444002
256,4608,8192,1,128,128,32,3,2,2,1,5,2,1;2,0.0027893873117128543
256,8192,2048,1,128,128,32,3,2,2,1,6,2,1;2,0.0
256,8192,3072,1,128,128,32,3,2,2,1,7,2,1;2,0.0
256,8192,3584,1,128,128,32,3,2,2,1,8,2,1;2,0.0
256,8192,4608,1,128,128,32,3,2,2,1,9,2,1;2,0.0
2048,256,4096,1,64,128,64,4,2,2,1,10,1,1;2,0.006439119763583134
2048,2048,16384,1,64,128,64,4,2,2,1,11,1,1;2,0.0020595663122853214
3072,256,4096,1,128,128,32,3,2,2,1,12,2,1;2,0.002674868537133168
3072,3072,24576,1,128,128,32,3,2,2,1,13,2,1;2,0.018488765171135402
3584,256,4096,1,128,128,32,3,2,2,1,14,2,1;2,0.0
3584,3584,14336,1,128,128,32,3,2,2,1,15,2,1;2,0.01284507676863722
4096,128,4096,1,64,128,64,4,2,2,1,16,1,1;2,0.003393716715807793
4096,4096,4096,1,128,128,32,3,2,2,1,17,2,1;2,0.0
4608,256,4096,1,128,128,32,3,2,2,1,18,2,1;2,0.001739900122846194
4608,4608,36864,1,128,128,32,3,2,2,1,19,2,1;2,0.03509064851491983
