V,subset,sum_loss,max_loss,subset_str
2,"(0, 1)",1.668362397229928,0.2456140102132205,0;1
2,"(0, 2)",0.17132419422531409,0.09174099940069214,0;2
2,"(0, 3)",0.43814553830430847,0.11173071618917407,0;3
2,"(0, 4)",0.36893023895403854,0.13154500077454356,0;4
2,"(0, 5)",0.43836158850415363,0.13105741961532735,0;5
2,"(1, 2)",0.09528000796594349,0.03509064851491983,1;2
2,"(1, 3)",0.35805104849951275,0.11173071618917407,1;3
2,"(1, 4)",0.29288605269466794,0.13154500077454356,1;4
2,"(1, 5)",0.3703702639602935,0.12414316107761003,1;5
2,"(2, 3)",2.7593743344850763,0.8217785023047617,2;3
2,"(2, 4)",2.980337162515233,0.8255674191213078,2;4
2,"(2, 5)",3.013349463215247,0.8305741075393269,2;5
2,"(3, 4)",2.9768516460548105,0.8217785023047617,3;4
2,"(3, 5)",2.9984360958993044,0.8217785023047617,3;5
2,"(4, 5)",3.0901926969903553,0.8255674191213078,4;5
3,"(0, 1, 2)",0.07958319482462195,0.03509064851491983,0;1;2
3,"(0, 1, 3)",0.3423542353581912,0.11173071618917407,0;1;3
3,"(0, 1, 4)",0.2771892395533464,0.13154500077454356,0;1;4
3,"(0, 1, 5)",0.30987827554615,0.09431510605801585,0;1;5
3,"(0, 2, 3)",0.11039487349288546,0.09174099940069214,0;2;3
3,"(0, 2, 4)",0.09803148200633571,0.09174099940069214,0;2;4
3,"(0, 2, 5)",0.13121282279519808,0.09174099940069214,0;2;5
3,"(0, 3, 4)",0.3312944802218458,0.11173071618917407,0;3;4
3,"(0, 3, 5)",0.32983599302677513,0.09836540960344098,0;3;5
3,"(0, 4, 5)",0.24051627076771886,0.09174099940069214,0;4;5
3,"(1, 2, 3)",0.034350687233514865,0.018488765171135402,1;2;3
3,"(1, 2, 4)",0.02198729574696512,0.006439119763583134,1;2;4
3,"(1, 2, 5)",0.05516863653582749,0.018488765171135402,1;2;5
3,"(1, 3, 4)",0.2552502939624752,0.11173071618917407,1;3;4
3,"(1, 3, 5)",0.2497415032219794,0.09431510605801585,1;3;5
3,"(1, 4, 5)",0.16447208450834827,0.05128997460221196,1;4;5
3,"(2, 3, 4)",2.737463274154715,0.8217785023047617,2;3;4
3,"(2, 3, 5)",2.7592092255640184,0.8217785023047617,2;3;5
3,"(2, 4, 5)",2.947252660984498,0.8255674191213078,2;4;5
3,"(3, 4, 5)",2.868542100777277,0.8217785023047617,3;4;5
4,"(0, 1, 2, 3)",0.018653874092193323,0.018488765171135402,0;1;2;3
4,"(0, 1, 2, 4)",0.006290482605643577,0.001739900122846194,0;1;2;4
4,"(0, 1, 2, 5)",0.039471823394505945,0.018488765171135402,0;1;2;5
4,"(0, 1, 3, 4)",0.23955348082115369,0.11173071618917407,0;1;3;4
4,"(0, 1, 3, 5)",0.23404469008065787,0.09431510605801585,0;1;3;5
4,"(0, 1, 4, 5)",0.14877527136702673,0.05128997460221196,0;1;4;5
4,"(0, 2, 3, 4)",0.09190610832175006,0.09174099940069214,0;2;3;4
4,"(0, 2, 3, 5)",0.11022976457182754,0.09174099940069214,0;2;3;5
4,"(0, 2, 4, 5)",0.09757623476186095,0.09174099940069214,0;2;4;5
4,"(0, 3, 4, 5)",0.22298493494431249,0.09174099940069214,0;3;4;5
4,"(1, 2, 3, 4)",0.015861922062379463,0.006439119763583134,1;2;3;4
4,"(1, 2, 3, 5)",0.03418557831245694,0.018488765171135402,1;2;3;5
4,"(1, 2, 4, 5)",0.021532048502490353,0.006439119763583134,1;2;4;5
4,"(1, 3, 4, 5)",0.1469407486849419,0.05128997460221196,1;3;4;5
4,"(2, 3, 4, 5)",2.737298165233657,0.8217785023047617,2;3;4;5
5,"(0, 1, 2, 3, 4)",0.00016510892105792152,0.00016510892105792152,0;1;2;3;4
5,"(0, 1, 2, 3, 5)",0.018488765171135402,0.018488765171135402,0;1;2;3;5
5,"(0, 1, 2, 4, 5)",0.005835235361168811,0.001739900122846194,0;1;2;4;5
5,"(0, 1, 3, 4, 5)",0.13124393554362035,0.05128997460221196,0;1;3;4;5
5,"(0, 2, 3, 4, 5)",0.09174099940069214,0.09174099940069214,0;2;3;4;5
5,"(1, 2, 3, 4, 5)",0.01569681314132154,0.006439119763583134,1;2;3;4;5
