M,N,K,L,a_major,b_major,c_major,cta_m,cta_n,cta_k,stages,atom_m,atom_n,atom_k,avg_us,gflops
128,4096,8192,1,m,n,n,16,128,16,3,1,1,1,314.3065643310547,27329.796977935028
128,4096,8192,1,m,n,n,16,128,16,4,1,1,1,317.7267265319824,27035.605993112247
128,4096,8192,1,m,n,n,16,128,16,5,1,1,1,315.22815704345703,27249.896305474387
128,4096,8192,1,m,n,n,16,128,16,6,1,1,1,472.96512603759766,18161.877312106848
128,4096,8192,1,m,n,n,16,128,32,3,1,1,1,491.21280670166016,17487.195925689957
128,4096,8192,1,m,n,n,16,128,32,4,1,1,1,492.05249786376953,17457.353898807407
128,4096,8192,1,m,n,n,16,128,32,5,1,1,1,485.17120361328125,17704.955545644538
128,4096,8192,1,m,n,n,16,128,32,6,1,1,1,870.1132965087891,9872.202420611133
128,4096,8192,1,m,n,n,16,128,64,3,1,1,1,877.8752136230469,9784.915280326453
128,4096,8192,1,m,n,n,16,128,64,4,1,1,1,861.0406494140625,9976.224232671762
128,4096,8192,1,m,n,n,16,128,64,5,1,1,1,864.6041870117188,9935.106400177046
128,4096,8192,1,m,n,n,32,128,16,3,1,1,1,366.8172836303711,23417.47506275025
128,4096,8192,1,m,n,n,32,128,16,4,1,1,1,368.8652801513672,23287.457655204205
128,4096,8192,1,m,n,n,32,128,16,5,1,1,1,372.20863342285156,23078.278741163194
128,4096,8192,1,m,n,n,32,128,16,6,1,1,1,371.34334564208984,23132.054721883174
128,4096,8192,1,m,n,n,32,128,32,3,1,1,1,352.5017547607422,24368.487464212347
128,4096,8192,1,m,n,n,32,128,32,3,2,2,1,172.68735885620117,49742.69482662562
128,4096,8192,1,m,n,n,32,128,32,4,1,1,1,352.1945571899414,24389.742591528408
128,4096,8192,1,m,n,n,32,128,32,4,2,2,1,173.28128814697266,49572.19953671075
128,4096,8192,1,m,n,n,32,128,32,5,1,1,1,701.2761688232422,12249.003992840811
128,4096,8192,1,m,n,n,32,128,32,5,2,2,1,254.54591751098633,33746.11023423409
128,4096,8192,1,m,n,n,32,128,32,6,1,1,1,693.780517578125,12381.343053543887
128,4096,8192,1,m,n,n,32,128,32,6,2,2,1,256.9215965270996,33434.06980227896
128,4096,8192,1,m,n,n,32,128,64,3,1,1,1,724.9510192871094,11848.986156950341
128,4096,8192,1,m,n,n,32,128,64,3,2,2,1,212.6643180847168,40391.988037119234
128,4096,8192,1,m,n,n,32,128,64,4,1,1,1,733.3683013916016,11712.988652086799
128,4096,8192,1,m,n,n,32,128,64,4,2,2,1,211.61983489990234,40591.34908626641
128,4096,8192,1,m,n,n,32,256,32,3,2,2,1,194.92864608764648,44067.07153825752
128,4096,8192,1,m,n,n,32,256,32,4,2,2,1,193.98656845092773,44281.079151997954
128,4096,8192,1,m,n,n,32,256,32,5,2,2,1,194.90816116333008,44071.70300478986
128,4096,8192,1,m,n,n,64,128,16,3,1,1,1,881.1315155029297,9748.75423346657
128,4096,8192,1,m,n,n,64,128,16,3,2,2,1,207.76960372924805,41343.55766108044
128,4096,8192,1,m,n,n,64,128,16,4,1,1,1,893.2556915283203,9616.434211914182
128,4096,8192,1,m,n,n,64,128,16,4,2,2,1,211.00543975830078,40709.54095704577
128,4096,8192,1,m,n,n,64,128,16,5,1,1,1,910.3359985351562,9436.004514621276
128,4096,8192,1,m,n,n,64,128,16,5,2,2,1,215.53152084350586,39854.65586834986
128,4096,8192,1,m,n,n,64,128,16,6,1,1,1,914.4525146484375,9393.527224650274
128,4096,8192,1,m,n,n,64,128,16,6,2,2,1,233.57440948486328,36776.00902832067
128,4096,8192,1,m,n,n,64,128,32,3,1,1,1,1259.9705505371094,6817.567750562282
128,4096,8192,1,m,n,n,64,128,32,3,2,2,1,196.627197265625,43686.40102414621
128,4096,8192,1,m,n,n,64,128,32,4,1,1,1,1267.425308227539,6777.468097124238
128,4096,8192,1,m,n,n,64,128,32,4,2,2,1,195.66783905029297,43900.595180550394
128,4096,8192,1,m,n,n,64,128,32,5,1,1,1,1045.401611328125,8216.875217063196
128,4096,8192,1,m,n,n,64,128,32,5,2,2,1,195.03103256225586,44043.937414206164
128,4096,8192,1,m,n,n,64,128,32,6,1,1,1,1464.6272277832031,5864.928924612003
128,4096,8192,1,m,n,n,64,128,32,6,2,2,1,198.34880828857422,43307.21553669561
128,4096,8192,1,m,n,n,64,128,64,3,1,1,1,1411.0514831542969,6087.612461026485
128,4096,8192,1,m,n,n,64,128,64,3,2,2,1,165.29407501220703,51967.58922765762
128,4096,8192,1,m,n,n,64,128,64,4,1,1,1,1557.8726196289062,5513.8876463764855
128,4096,8192,1,m,n,n,64,128,64,4,2,2,1,151.34719848632812,56756.482299710144
128,4096,8192,1,m,n,n,64,256,16,3,2,2,1,351.6831970214844,24425.20616495431
128,4096,8192,1,m,n,n,64,256,16,4,2,2,1,353.30047607421875,24313.39659501475
128,4096,8192,1,m,n,n,64,256,16,5,2,2,1,353.78944396972656,24279.793358489893
128,4096,8192,1,m,n,n,64,256,16,6,2,2,1,359.2563247680664,23910.322518457
128,4096,8192,1,m,n,n,64,256,32,3,2,2,1,344.71935272216797,24918.631704797826
128,4096,8192,1,m,n,n,64,256,32,4,2,2,1,345.41568756103516,24868.397416032687
128,4096,8192,1,m,n,n,128,128,16,3,1,1,1,2672.9266357421875,3213.6813921998446
128,4096,8192,1,m,n,n,128,128,16,3,2,2,1,291.9628715515137,29421.325206018188
128,4096,8192,1,m,n,n,128,128,16,4,1,1,1,2708.0126953125,3172.0436934689988
128,4096,8192,1,m,n,n,128,128,16,4,2,2,1,321.9865417480469,26677.93052891505
128,4096,8192,1,m,n,n,128,128,16,5,1,1,1,2626.273193359375,3270.769626602425
128,4096,8192,1,m,n,n,128,128,16,5,2,2,1,316.92800521850586,27103.741072290766
128,4096,8192,1,m,n,n,128,128,16,6,1,1,1,2675.7940673828125,3210.237550306625
128,4096,8192,1,m,n,n,128,128,16,6,2,2,1,300.21440505981445,28612.666305231254
128,4096,8192,1,m,n,n,128,128,32,3,1,1,1,2847.0068359375,3017.180880484747
128,4096,8192,1,m,n,n,128,128,32,3,2,2,1,276.95104598999023,31016.075643601158
128,4096,8192,1,m,n,n,128,128,32,4,1,1,1,2971.2588500976562,2891.0085002246356
128,4096,8192,1,m,n,n,128,128,32,4,2,2,1,276.11135482788086,31110.399633346104
128,4096,8192,1,m,n,n,128,128,32,5,1,1,1,2741.3504028320312,3133.4683020185676
128,4096,8192,1,m,n,n,128,128,32,5,2,2,1,275.9328079223633,31130.53013404942
128,4096,8192,1,m,n,n,128,128,32,6,1,1,1,2865.3363037109375,2997.8800676468777
128,4096,8192,1,m,n,n,128,128,32,6,2,2,1,277.2991943359375,30977.135049276843
128,4096,8192,1,m,n,n,128,128,64,3,1,1,1,3178.2705688476562,2702.7071502960325
128,4096,8192,1,m,n,n,128,128,64,3,2,2,1,280.26880264282227,30648.914581288987
128,4096,8192,1,m,n,n,128,256,16,3,2,2,1,1100.738525390625,7803.792084911032
128,4096,8192,1,m,n,n,128,256,16,4,2,2,1,1112.9036712646484,7718.488862777158
128,4096,8192,1,m,n,n,128,256,16,5,2,2,1,1187.799072265625,7231.807796932721
128,4096,8192,1,m,n,n,128,256,16,6,2,2,1,1221.8406677246094,7030.323035487705
128,4096,8192,1,m,n,n,128,256,32,3,2,2,1,1566.719970703125,5482.750429322057
128,4096,8192,1,m,n,n,128,256,32,4,2,2,1,1568.3378601074219,5477.094451709302
128,4096,8192,1,k,n,n,16,128,16,3,1,1,1,322.9081726074219,26601.78750707335
128,4096,8192,1,k,n,n,16,128,16,4,1,1,1,326.92222595214844,26275.162439574568
128,4096,8192,1,k,n,n,16,128,16,5,1,1,1,319.6313667297363,26874.504463960202
128,4096,8192,1,k,n,n,16,128,16,6,1,1,1,474.31678771972656,18110.12136697929
128,4096,8192,1,k,n,n,16,128,32,3,1,1,1,486.2963104248047,17663.992935698512
128,4096,8192,1,k,n,n,16,128,32,4,1,1,1,475.6480026245117,18059.435852989605
128,4096,8192,1,k,n,n,16,128,32,5,1,1,1,499.60960388183594,17193.293574139596
128,4096,8192,1,k,n,n,16,128,32,6,1,1,1,859.1769409179688,9997.864447831053
128,4096,8192,1,k,n,n,16,128,64,3,1,1,1,882.5856018066406,9732.692867883321
128,4096,8192,1,k,n,n,16,128,64,4,1,1,1,870.0313568115234,9873.132186269988
128,4096,8192,1,k,n,n,16,128,64,5,1,1,1,873.2057952880859,9837.23955836325
128,4096,8192,1,k,n,n,32,128,16,3,1,1,1,358.64574432373047,23951.028913496106
128,4096,8192,1,k,n,n,32,128,16,4,1,1,1,360.6118392944336,23820.44529876475
128,4096,8192,1,k,n,n,32,128,16,5,1,1,1,360.87806701660156,23802.872430052215
128,4096,8192,1,k,n,n,32,128,16,6,1,1,1,364.7078323364258,23552.920530854382
128,4096,8192,1,k,n,n,32,128,32,3,1,1,1,355.36895751953125,24171.87660947536
128,4096,8192,1,k,n,n,32,128,32,3,2,2,1,175.59551239013672,48918.87312538462
128,4096,8192,1,k,n,n,32,128,32,4,1,1,1,355.34847259521484,24173.27005591208
128,4096,8192,1,k,n,n,32,128,32,4,2,2,1,178.0121612548828,48254.76266029201
128,4096,8192,1,k,n,n,32,128,32,5,1,1,1,702.4845123291016,12227.934482882618
128,4096,8192,1,k,n,n,32,128,32,5,2,2,1,232.03712463378906,37019.6562535284
128,4096,8192,1,k,n,n,32,128,32,6,1,1,1,689.459228515625,12458.944977056508
128,4096,8192,1,k,n,n,32,128,32,6,2,2,1,235.1308822631836,36532.56649794402
128,4096,8192,1,k,n,n,32,128,64,3,1,1,1,736.9318389892578,11656.34884737992
128,4096,8192,1,k,n,n,32,128,64,3,2,2,1,207.42143630981445,41412.95492318194
128,4096,8192,1,k,n,n,32,128,64,4,1,1,1,691.7324829101562,12418.000895175079
128,4096,8192,1,k,n,n,32,128,64,4,2,2,1,207.44192123413086,41408.865386976955
128,4096,8192,1,k,n,n,32,256,32,3,2,2,1,220.95680236816406,38876.081206530245
128,4096,8192,1,k,n,n,32,256,32,4,2,2,1,220.18047332763672,39013.15344716268
128,4096,8192,1,k,n,n,32,256,32,5,2,2,1,223.41632843017578,38448.1056167952
128,4096,8192,1,k,n,n,64,128,16,3,1,1,1,878.1005096435547,9782.404744858755
128,4096,8192,1,k,n,n,64,128,16,3,2,2,1,210.82111358642578,40745.13432677876
128,4096,8192,1,k,n,n,64,128,16,4,1,1,1,917.2409820556641,9364.970340453789
128,4096,8192,1,k,n,n,64,128,16,4,2,2,1,205.39392471313477,41821.75594529978
128,4096,8192,1,k,n,n,64,128,16,5,1,1,1,932.1881866455078,9214.807390888529
128,4096,8192,1,k,n,n,64,128,16,5,2,2,1,211.88608169555664,40540.34376992369
128,4096,8192,1,k,n,n,64,128,16,6,1,1,1,940.5439758300781,9132.943076286194
128,4096,8192,1,k,n,n,64,128,16,6,2,2,1,215.18335342407227,39919.140841119806
128,4096,8192,1,k,n,n,64,128,32,3,1,1,1,1276.3782501220703,6729.928679980621
128,4096,8192,1,k,n,n,64,128,32,3,2,2,1,196.3212776184082,43754.475807234456
128,4096,8192,1,k,n,n,64,128,32,4,1,1,1,1284.0550231933594,6689.693538706312
128,4096,8192,1,k,n,n,64,128,32,4,2,2,1,197.63200759887695,43464.28848425467
128,4096,8192,1,k,n,n,64,128,32,5,1,1,1,1098.8134765625,7817.463814579825
128,4096,8192,1,k,n,n,64,128,32,5,2,2,1,199.169921875,43128.6738034224
128,4096,8192,1,k,n,n,64,128,32,6,1,1,1,1541.4271545410156,5572.715237754969
128,4096,8192,1,k,n,n,64,128,32,6,2,2,1,199.78239059448242,42996.45512519579
128,4096,8192,1,k,n,n,64,128,64,3,1,1,1,1423.5443115234375,6034.188414414225
128,4096,8192,1,k,n,n,64,128,64,3,2,2,1,177.47968673706055,48399.536588804935
128,4096,8192,1,k,n,n,64,128,64,4,1,1,1,1443.3485412597656,5951.393129550427
128,4096,8192,1,k,n,n,64,128,64,4,2,2,1,180.1171112060547,47690.83034078356
128,4096,8192,1,k,n,n,64,256,16,3,2,2,1,377.56927490234375,22750.618662553356
128,4096,8192,1,k,n,n,64,256,16,4,2,2,1,374.83009338378906,22916.87552206422
128,4096,8192,1,k,n,n,64,256,16,5,2,2,1,383.1808090209961,22417.44468870131
128,4096,8192,1,k,n,n,64,256,16,6,2,2,1,387.37918853759766,22174.4865139194
128,4096,8192,1,k,n,n,64,256,32,3,2,2,1,345.02655029296875,24896.445171266154
128,4096,8192,1,k,n,n,64,256,32,4,2,2,1,345.21087646484375,24883.151654912584
128,4096,8192,1,k,n,n,128,128,16,3,1,1,1,2581.3388061523438,3327.70520922198
128,4096,8192,1,k,n,n,128,128,16,3,2,2,1,292.29055404663086,29388.341405756124
128,4096,8192,1,k,n,n,128,128,16,4,1,1,1,2619.8834228515625,3278.7468774661925
128,4096,8192,1,k,n,n,128,128,16,4,2,2,1,292.2496032714844,29392.459376652794
128,4096,8192,1,k,n,n,128,128,16,5,1,1,1,2634.1375732421875,3261.0045425331414
128,4096,8192,1,k,n,n,128,128,16,5,2,2,1,299.8271942138672,28649.618039225577
128,4096,8192,1,k,n,n,128,128,16,6,1,1,1,2630.41015625,3265.6255419292083
128,4096,8192,1,k,n,n,128,128,16,6,2,2,1,294.60479736328125,29157.48375070632
128,4096,8192,1,k,n,n,128,128,32,3,1,1,1,2932.3672485351562,2929.351566142011
128,4096,8192,1,k,n,n,128,128,32,3,2,2,1,279.2243194580078,30763.561743739265
128,4096,8192,1,k,n,n,128,128,32,4,1,1,1,2801.21337890625,3066.504914150449
128,4096,8192,1,k,n,n,128,128,32,4,2,2,1,281.9071960449219,30470.78865851724
128,4096,8192,1,k,n,n,128,128,32,5,1,1,1,2759.208984375,3113.187381109424
128,4096,8192,1,k,n,n,128,128,32,5,2,2,1,285.532169342041,30083.946799388676
128,4096,8192,1,k,n,n,128,128,32,6,1,1,1,2756.812744140625,3115.893384582318
128,4096,8192,1,k,n,n,128,128,32,6,2,2,1,285.8803176879883,30047.31022222773
128,4096,8192,1,k,n,n,128,128,64,3,1,1,1,2865.1519775390625,2998.0729327238237
128,4096,8192,1,k,n,n,128,128,64,3,2,2,1,284.79488372802734,30161.829031322042
128,4096,8192,1,k,n,n,128,256,16,3,2,2,1,1293.1277465820312,6642.757929140984
128,4096,8192,1,k,n,n,128,256,16,4,2,2,1,1279.9385833740234,6711.208415450861
128,4096,8192,1,k,n,n,128,256,16,5,2,2,1,1198.7763214111328,7165.585804938496
128,4096,8192,1,k,n,n,128,256,16,6,2,2,1,1200.2508544921875,7156.782734084621
128,4096,8192,1,k,n,n,128,256,32,3,2,2,1,1739.1615295410156,4939.12408139972
128,4096,8192,1,k,n,n,128,256,32,4,2,2,1,1644.2778015136719,5224.138271581827
128,4096,8192,1,m,k,n,16,128,16,3,1,1,1,326.5331268310547,26306.472103960084
128,4096,8192,1,m,k,n,16,128,16,4,1,1,1,329.1136169433594,26100.210230676454
128,4096,8192,1,m,k,n,16,128,16,5,1,1,1,330.6047821044922,25982.48741993403
128,4096,8192,1,m,k,n,16,128,16,6,1,1,1,475.03360748291016,18082.793420692942
128,4096,8192,1,m,k,n,16,128,32,3,1,1,1,451.5225601196289,19024.37519339927
128,4096,8192,1,m,k,n,16,128,32,4,1,1,1,448.0614471435547,19171.331625967512
128,4096,8192,1,m,k,n,16,128,32,5,1,1,1,450.86719512939453,19052.028368430692
128,4096,8192,1,m,k,n,16,128,32,6,1,1,1,879.8003387451172,9763.504529052643
128,4096,8192,1,m,k,n,16,128,64,3,1,1,1,795.1955413818359,10802.29219730408
128,4096,8192,1,m,k,n,16,128,64,4,1,1,1,766.9618988037109,11199.949574285734
128,4096,8192,1,m,k,n,16,128,64,5,1,1,1,768.7168121337891,11174.381067790397
128,4096,8192,1,m,k,n,32,8,32,3,1,1,1,640.5696105957031,13409.837822327721
128,4096,8192,1,m,k,n,32,8,32,4,1,1,1,593.7152099609375,14468.10600079651
128,4096,8192,1,m,k,n,32,8,32,5,1,1,1,594.4319915771484,14450.659980814904
128,4096,8192,1,m,k,n,32,8,32,6,1,1,1,597.2582244873047,14382.279288617126
128,4096,8192,1,m,k,n,32,8,64,3,1,1,1,602.4601745605469,14258.0953143762
128,4096,8192,1,m,k,n,32,8,64,4,1,1,1,591.0297775268555,14533.84401027017
128,4096,8192,1,m,k,n,32,8,64,5,1,1,1,590.7238388061523,14541.371158069705
128,4096,8192,1,m,k,n,32,8,64,6,1,1,1,591.5647888183594,14520.69959937651
128,4096,8192,1,m,k,n,32,8,128,3,1,1,1,588.8819122314453,14586.854195351718
128,4096,8192,1,m,k,n,32,8,128,4,1,1,1,590.7865524291992,14539.827551388675
128,4096,8192,1,m,k,n,32,8,128,5,1,1,1,888.0127716064453,9673.210641397101
128,4096,8192,1,m,k,n,32,8,128,6,1,1,1,895.7132720947266,9590.049471871136
128,4096,8192,1,m,k,n,32,8,256,3,1,1,1,811.2742614746094,10588.200562885528
128,4096,8192,1,m,k,n,32,8,256,4,1,1,1,859.2384338378906,9997.148932959197
128,4096,8192,1,m,k,n,32,128,16,3,1,1,1,389.815673828125,22035.888161304203
128,4096,8192,1,m,k,n,32,128,16,4,1,1,1,378.3884811401367,22701.363863184582
128,4096,8192,1,m,k,n,32,128,16,5,1,1,1,389.6934509277344,22042.799465965203
128,4096,8192,1,m,k,n,32,128,16,6,1,1,1,388.4646224975586,22112.527356475002
128,4096,8192,1,m,k,n,32,128,32,3,1,1,1,358.15425872802734,23983.896275607218
128,4096,8192,1,m,k,n,32,128,32,3,2,2,1,177.84832000732422,48299.216948724876
128,4096,8192,1,m,k,n,32,128,32,4,1,1,1,371.56864166259766,23118.02888845523
128,4096,8192,1,m,k,n,32,128,32,4,2,2,1,175.02464294433594,49078.42945711311
128,4096,8192,1,m,k,n,32,128,32,5,1,1,1,727.7977752685547,11802.639254881407
128,4096,8192,1,m,k,n,32,128,32,5,2,2,1,247.72607803344727,34675.13255039792
128,4096,8192,1,m,k,n,32,128,32,6,1,1,1,716.1650848388672,11994.34986967102
128,4096,8192,1,m,k,n,32,128,32,6,2,2,1,246.64064407348633,34827.73337812335
128,4096,8192,1,m,k,n,32,128,64,3,1,1,1,881.2748718261719,9747.168410918146
128,4096,8192,1,m,k,n,32,128,64,3,2,2,1,211.92703247070312,40532.51013736285
128,4096,8192,1,m,k,n,32,128,64,4,1,1,1,864.9318695068359,9931.34245001029
128,4096,8192,1,m,k,n,32,128,64,4,2,2,1,212.3161506652832,40458.224987047965
128,4096,8192,1,m,k,n,32,256,16,4,2,2,1,293.4579277038574,29271.434781848926
128,4096,8192,1,m,k,n,32,256,32,3,2,2,1,194.4780731201172,44169.16752715112
128,4096,8192,1,m,k,n,32,256,32,4,2,2,1,194.1708755493164,44239.04752810516
128,4096,8192,1,m,k,n,32,256,32,5,2,2,1,193.61791610717773,44365.39120297637
128,4096,8192,1,m,k,n,64,8,16,3,1,1,1,650.1785278320312,13211.655298187803
128,4096,8192,1,m,k,n,64,8,32,3,1,1,1,609.7100830078125,14088.555907791888
128,4096,8192,1,m,k,n,64,8,32,4,1,1,1,548.3302307128906,15665.622850726513
128,4096,8192,1,m,k,n,64,8,32,5,1,1,1,582.3680114746094,14750.011028678406
128,4096,8192,1,m,k,n,64,8,32,6,1,1,1,577.0854568481445,14885.030440578881
128,4096,8192,1,m,k,n,64,8,64,3,1,1,1,581.2633514404297,14778.042638871466
128,4096,8192,1,m,k,n,64,8,64,4,1,1,1,564.1420745849609,15226.544835039313
128,4096,8192,1,m,k,n,64,8,64,5,1,1,1,561.1724853515625,15307.120032120945
128,4096,8192,1,m,k,n,64,8,64,6,1,1,1,803.1846618652344,10694.843913044368
128,4096,8192,1,m,k,n,64,8,128,3,1,1,1,798.023681640625,10764.009627308676
128,4096,8192,1,m,k,n,64,8,128,4,1,1,1,782.3545837402344,10979.592592061967
128,4096,8192,1,m,k,n,64,8,128,5,1,1,1,791.3062286376953,10855.38604541044
128,4096,8192,1,m,k,n,64,128,16,3,1,1,1,1047.224349975586,8202.573395280828
128,4096,8192,1,m,k,n,64,128,16,3,2,2,1,225.60768127441406,38074.65483212772
128,4096,8192,1,m,k,n,64,128,16,4,1,1,1,1056.6451263427734,8129.4413591166685
128,4096,8192,1,m,k,n,64,128,16,4,2,2,1,223.55968475341797,38423.450996875996
128,4096,8192,1,m,k,n,64,128,16,5,1,1,1,1057.1949005126953,8125.213797223428
128,4096,8192,1,m,k,n,64,128,16,5,2,2,1,222.7609634399414,38561.220329413474
128,4096,8192,1,m,k,n,64,128,16,6,1,1,1,1061.580810546875,8091.644561260374
128,4096,8192,1,m,k,n,64,128,16,6,2,2,1,220.38528442382812,38976.89727541198
128,4096,8192,1,m,k,n,64,128,32,3,1,1,1,1323.1103515625,6492.228393388272
128,4096,8192,1,m,k,n,64,128,32,3,2,2,1,196.79296493530273,43649.601980558655
128,4096,8192,1,m,k,n,64,128,32,4,1,1,1,1326.8389892578125,6473.984154478992
128,4096,8192,1,m,k,n,64,128,32,4,2,2,1,194.45568084716797,44174.25376608689
128,4096,8192,1,m,k,n,64,128,32,5,1,1,1,989.4911956787109,8681.163237746647
128,4096,8192,1,m,k,n,64,128,32,5,2,2,1,198.81536483764648,43205.58724932844
128,4096,8192,1,m,k,n,64,128,32,6,1,1,1,1294.8480224609375,6633.9326646800655
128,4096,8192,1,m,k,n,64,128,32,6,2,2,1,199.78239059448242,42996.45512519579
128,4096,8192,1,m,k,n,64,128,64,3,1,1,1,1503.0476379394531,5715.011537342922
128,4096,8192,1,m,k,n,64,128,64,3,2,2,1,160.31744003295898,53580.78690773775
128,4096,8192,1,m,k,n,64,128,64,4,1,1,1,1496.4122009277344,5740.353217298334
128,4096,8192,1,m,k,n,64,128,64,4,2,2,1,170.65984725952148,50333.659205362674
128,4096,8192,1,m,k,n,64,256,16,3,2,2,1,405.97503662109375,21158.77533627072
128,4096,8192,1,m,k,n,64,256,16,4,2,2,1,423.36769104003906,20289.53737801316
128,4096,8192,1,m,k,n,64,256,16,5,2,2,1,440.27904510498047,19510.205374302586
128,4096,8192,1,m,k,n,64,256,16,6,2,2,1,443.00289154052734,19390.244975893493
128,4096,8192,1,m,k,n,64,256,32,3,2,2,1,335.994873046875,25565.671625000094
128,4096,8192,1,m,k,n,64,256,32,4,2,2,1,338.0633544921875,25409.244976886454
128,4096,8192,1,m,k,n,128,8,16,3,1,1,1,541.5935897827148,15860.48054122326
128,4096,8192,1,m,k,n,128,8,16,5,1,1,1,593.1212615966797,14482.594282450667
128,4096,8192,1,m,k,n,128,8,16,6,1,1,1,602.5625610351562,14255.672601436027
128,4096,8192,1,m,k,n,128,8,32,3,1,1,1,629.6556854248047,13642.27273863921
128,4096,8192,1,m,k,n,128,8,32,4,1,1,1,623.0425643920898,13787.07504579772
128,4096,8192,1,m,k,n,128,8,32,5,1,1,1,578.3142471313477,14853.403032363893
128,4096,8192,1,m,k,n,128,8,32,6,1,1,1,908.8780975341797,9451.14049431361
128,4096,8192,1,m,k,n,128,8,64,3,1,1,1,1041.0189056396484,8251.468388772402
128,4096,8192,1,m,k,n,128,8,64,4,1,1,1,1050.6649780273438,8175.712307578644
128,4096,8192,1,m,k,n,128,8,64,5,1,1,1,1030.3897857666016,8336.587484326777
128,4096,8192,1,m,k,n,128,128,16,3,1,1,1,2740.7156372070312,3134.1940314368794
128,4096,8192,1,m,k,n,128,128,16,3,2,2,1,323.583984375,26546.229129947187
128,4096,8192,1,m,k,n,128,128,16,4,1,1,1,2650.9927368164062,3240.270888978635
128,4096,8192,1,m,k,n,128,128,16,4,2,2,1,301.1993598937988,28519.099758474793
128,4096,8192,1,m,k,n,128,128,16,5,1,1,1,2786.2835693359375,3082.9362404226727
128,4096,8192,1,m,k,n,128,128,16,5,2,2,1,359.36256408691406,23903.253845668994
128,4096,8192,1,m,k,n,128,128,16,6,1,1,1,2719.8611450195312,3158.225414458912
128,4096,8192,1,m,k,n,128,128,16,6,2,2,1,320.45055389404297,26805.80354010018
128,4096,8192,1,m,k,n,128,128,32,3,1,1,1,2904.8422241210938,2957.1088304456953
128,4096,8192,1,m,k,n,128,128,32,3,2,2,1,287.2934341430664,29899.515864753055
128,4096,8192,1,m,k,n,128,128,32,4,1,1,1,2948.1777954101562,2913.6419809460476
128,4096,8192,1,m,k,n,128,128,32,4,2,2,1,288.93184661865234,29729.96813098784
128,4096,8192,1,m,k,n,128,128,32,5,1,1,1,2868.1216430664062,2994.9687150703307
128,4096,8192,1,m,k,n,128,128,32,5,2,2,1,290.79551696777344,29539.432662409148
128,4096,8192,1,m,k,n,128,128,32,6,1,1,1,2766.090087890625,3105.44281605468
128,4096,8192,1,m,k,n,128,128,32,6,2,2,1,294.3180847167969,29185.887779425906
128,4096,8192,1,m,k,n,128,128,64,3,1,1,1,3018.6087036132812,2845.6601816982206
128,4096,8192,1,m,k,n,128,128,64,3,2,2,1,286.0851287841797,30025.799063747134
128,4096,8192,1,m,k,n,128,256,16,3,2,2,1,1103.8719940185547,7781.640116377129
128,4096,8192,1,m,k,n,128,256,16,4,2,2,1,1261.3632202148438,6810.0404818660445
128,4096,8192,1,m,k,n,128,256,16,5,2,2,1,1241.4361572265625,6919.352672303659
128,4096,8192,1,m,k,n,128,256,16,6,2,2,1,1265.4182434082031,6788.217758631625
128,4096,8192,1,m,k,n,128,256,32,3,2,2,1,1599.4674682617188,5370.496594929457
128,4096,8192,1,m,k,n,128,256,32,4,2,2,1,1599.3855285644531,5370.771736136687
128,4096,8192,1,m,k,n,256,8,16,3,1,1,1,780.7180786132812,11002.607506230062
128,4096,8192,1,m,k,n,256,8,16,4,1,1,1,953.0572509765625,9013.031046349222
128,4096,8192,1,m,k,n,256,8,16,5,1,1,1,938.6803436279297,9151.075390372554
128,4096,8192,1,m,k,n,256,8,16,6,1,1,1,1598.5459899902344,5373.592405716446
128,4096,8192,1,m,k,n,256,8,32,3,1,1,1,2064.4248962402344,4160.933443325614
128,4096,8192,1,m,k,n,256,8,32,4,1,1,1,2060.7180786132812,4168.418126258408
128,4096,8192,1,m,k,n,256,8,32,5,1,1,1,2079.6620178222656,4130.447408466409
128,4096,8192,1,m,k,n,256,8,32,6,1,1,1,2081.2185668945312,4127.358235525154
128,4096,8192,1,m,k,n,256,8,64,3,1,1,1,1483.4860229492188,5790.371098288429
128,4096,8192,1,m,k,n,256,128,16,3,1,1,1,6216.722412109375,1381.7465253503863
128,4096,8192,1,m,k,n,256,128,16,3,2,2,1,986.1939239501953,8710.18811147513
128,4096,8192,1,m,k,n,256,128,16,4,1,1,1,6125.4248046875,1402.341040155538
128,4096,8192,1,m,k,n,256,128,16,4,2,2,1,962.7033233642578,8922.722487320041
128,4096,8192,1,m,k,n,256,128,16,5,1,1,1,5942.6202392578125,1445.479308143173
128,4096,8192,1,m,k,n,256,128,16,5,2,2,1,956.3545227050781,8981.956364573995
128,4096,8192,1,m,k,n,256,128,16,6,1,1,1,6329.8968505859375,1357.0417962189792
128,4096,8192,1,m,k,n,256,128,16,6,2,2,1,968.5606384277344,8868.762833418516
128,4096,8192,1,m,k,n,256,128,32,3,1,1,1,6189.77294921875,1387.7624692330903
128,4096,8192,1,m,k,n,256,128,32,3,2,2,1,1400.606689453125,6133.009828300898
128,4096,8192,1,m,k,n,256,128,32,4,1,1,1,6145.96435546875,1397.6544762021892
128,4096,8192,1,m,k,n,256,128,32,4,2,2,1,1401.1801147460938,6130.499927596084
128,8192,4096,1,m,n,n,16,128,16,3,1,1,1,359.4240188598633,23899.166837119894
128,8192,4096,1,m,n,n,16,128,16,4,1,1,1,343.47007751464844,25009.2661758393
128,8192,4096,1,m,n,n,16,128,16,5,1,1,1,346.76734924316406,24771.463088286524
128,8192,4096,1,m,n,n,16,128,16,6,1,1,1,384.8806381225586,22318.437825039888
128,8192,4096,1,m,n,n,16,128,32,3,1,1,1,388.3417510986328,22119.52376405258
128,8192,4096,1,m,n,n,16,128,32,4,1,1,1,479.6211242675781,17909.833736196575
128,8192,4096,1,m,n,n,16,128,32,5,1,1,1,469.4220733642578,18298.957546750175
128,8192,4096,1,m,n,n,16,128,32,6,1,1,1,772.3641967773438,11121.611576301868
128,8192,4096,1,m,n,n,16,128,64,3,1,1,1,777.9692840576172,11041.482958296103
128,8192,4096,1,m,n,n,16,128,64,4,1,1,1,766.0134124755859,11213.81747643195
128,8192,4096,1,m,n,n,16,128,64,5,1,1,1,772.3007965087891,11122.524579582308
128,8192,4096,1,m,n,n,32,128,16,3,1,1,1,188.0678367614746,45674.66048378366
128,8192,4096,1,m,n,n,32,128,16,4,1,1,1,188.62079620361328,45540.76096003379
128,8192,4096,1,m,n,n,32,128,16,5,1,1,1,372.10113525390625,23084.945941211892
128,8192,4096,1,m,n,n,32,128,16,6,1,1,1,371.17950439453125,23142.26537376281
128,8192,4096,1,m,n,n,32,128,32,3,1,1,1,354.9388885498047,24201.164958555026
128,8192,4096,1,m,n,n,32,128,32,3,2,2,1,216.4735984802246,39681.21125304208
128,8192,4096,1,m,n,n,32,128,32,4,1,1,1,355.67615509033203,24150.99935450661
128,8192,4096,1,m,n,n,32,128,32,4,2,2,1,182.74303436279297,47005.53770463678
128,8192,4096,1,m,n,n,32,128,32,5,1,1,1,705.5974578857422,12173.987442838794
128,8192,4096,1,m,n,n,32,128,32,5,2,2,1,257.8227233886719,33317.213002402954
128,8192,4096,1,m,n,n,32,128,32,6,1,1,1,698.6547088623047,12294.96414042342
128,8192,4096,1,m,n,n,32,128,32,6,2,2,1,259.9295997619629,33047.15815307857
128,8192,4096,1,m,n,n,32,128,64,3,1,1,1,729.4976043701172,11775.1374926268
128,8192,4096,1,m,n,n,32,128,64,3,2,2,1,211.31263732910156,40650.35911042984
128,8192,4096,1,m,n,n,32,128,64,4,1,1,1,738.8774108886719,11625.655982186014
128,8192,4096,1,m,n,n,32,128,64,4,2,2,1,217.00607299804688,39583.844236826095
128,8192,4096,1,m,n,n,32,256,32,3,2,2,1,196.6694450378418,43677.01647984608
128,8192,4096,1,m,n,n,32,256,32,4,2,2,1,196.79231643676758,43649.74582104723
128,8192,4096,1,m,n,n,32,256,32,5,2,2,1,198.16448211669922,43347.49850349763
128,8192,4096,1,m,n,n,64,128,16,3,1,1,1,553.2262420654297,15526.983246366095
128,8192,4096,1,m,n,n,64,128,16,3,2,2,1,175.88224411010742,48839.12321827353
128,8192,4096,1,m,n,n,64,128,16,4,1,1,1,555.9910583496094,15449.771112323564
128,8192,4096,1,m,n,n,64,128,16,4,2,2,1,172.82495498657227,49703.09173618705
128,8192,4096,1,m,n,n,64,128,16,5,1,1,1,561.4591979980469,15299.303355664113
128,8192,4096,1,m,n,n,64,128,16,5,2,2,1,175.24736404418945,49016.05589818748
128,8192,4096,1,m,n,n,64,128,16,6,1,1,1,588.5542297363281,14594.97554855444
128,8192,4096,1,m,n,n,64,128,16,6,2,2,1,206.4588737487793,41606.03240746288
128,8192,4096,1,m,n,n,64,128,32,3,1,1,1,791.5519714355469,10852.015915545537
128,8192,4096,1,m,n,n,64,128,32,3,2,2,1,173.67040634155273,49461.13026940477
128,8192,4096,1,m,n,n,64,128,32,4,1,1,1,785.5718231201172,10934.626649263824
128,8192,4096,1,m,n,n,64,128,32,4,2,2,1,172.66176223754883,49750.06904065956
128,8192,4096,1,m,n,n,64,128,32,5,1,1,1,1050.3987121582031,8177.784771223377
128,8192,4096,1,m,n,n,64,128,32,5,2,2,1,197.57055282592773,43477.80815073328
128,8192,4096,1,m,n,n,64,128,32,6,1,1,1,1454.7148132324219,5904.892501172031
128,8192,4096,1,m,n,n,64,128,32,6,2,2,1,186.47039413452148,46065.94323924227
128,8192,4096,1,m,n,n,64,128,64,3,1,1,1,1363.6402893066406,6299.267232979495
128,8192,4096,1,m,n,n,64,128,64,3,2,2,1,172.50303268432617,49795.84682270048
128,8192,4096,1,m,n,n,64,128,64,4,2,2,1,176.74047470092773,48601.96628155209
128,8192,4096,1,m,n,n,64,256,16,3,2,2,1,179.09759521484375,47962.31117283064
128,8192,4096,1,m,n,n,64,256,16,4,2,2,1,179.60960388183594,47825.5861955537
128,8192,4096,1,m,n,n,64,256,16,5,2,2,1,180.05760192871094,47706.59222375381
128,8192,4096,1,m,n,n,64,256,16,6,2,2,1,182.8044891357422,46989.73549616449
128,8192,4096,1,m,n,n,64,256,32,3,2,2,1,176.0665512084961,48787.99824861619
128,8192,4096,1,m,n,n,64,256,32,4,2,2,1,176.4556884765625,48680.4062037419
128,8192,4096,1,m,n,n,128,128,16,3,1,1,1,1566.3923645019531,5483.897129906681
128,8192,4096,1,m,n,n,128,128,16,3,2,2,1,149.27871704101562,57542.928839881715
128,8192,4096,1,m,n,n,128,128,16,4,1,1,1,1566.6380310058594,5483.03719301697
128,8192,4096,1,m,n,n,128,128,16,4,2,2,1,152.62080192565918,56282.85583366358
128,8192,4096,1,m,n,n,128,128,16,5,1,1,1,1669.6730041503906,5144.680767220627
128,8192,4096,1,m,n,n,128,128,16,5,2,2,1,151.9206428527832,56542.24752276732
128,8192,4096,1,m,n,n,128,128,16,6,1,1,1,1513.5948181152344,5675.187632246521
128,8192,4096,1,m,n,n,128,128,16,6,2,2,1,174.77632522583008,49148.15883044152
128,8192,4096,1,m,n,n,128,128,32,3,1,1,1,1766.9325256347656,4861.49553951648
128,8192,4096,1,m,n,n,128,128,32,3,2,2,1,141.66015625,60637.619069405766
128,8192,4096,1,m,n,n,128,128,32,4,1,1,1,1786.4498901367188,4808.382613711378
128,8192,4096,1,m,n,n,128,128,32,4,2,2,1,141.63968086242676,60646.38482448516
128,8192,4096,1,m,n,n,128,128,32,5,1,1,1,1819.9551391601562,4719.860620280973
128,8192,4096,1,m,n,n,128,128,32,5,2,2,1,161.60768508911133,53153.00808413576
128,8192,4096,1,m,n,n,128,128,32,6,1,1,1,1760.133056640625,4880.2757039258595
128,8192,4096,1,m,n,n,128,128,32,6,2,2,1,142.17215538024902,60419.24713756812
128,8192,4096,1,m,n,n,128,128,64,3,1,1,1,1927.9461669921875,4455.484670197645
128,8192,4096,1,m,n,n,128,128,64,3,2,2,1,144.11775588989258,59603.58277131929
128,8192,4096,1,m,n,n,128,256,16,3,2,2,1,560.7219314575195,15319.419680396033
128,8192,4096,1,m,n,n,128,256,16,4,2,2,1,564.9407958984375,15205.017329894266
128,8192,4096,1,m,n,n,128,256,16,5,2,2,1,602.2348785400391,14263.429266707453
128,8192,4096,1,m,n,n,128,256,16,6,2,2,1,617.5539016723633,13909.611078058251
128,8192,4096,1,m,n,n,128,256,32,3,2,2,1,811.1103820800781,10590.339837558566
128,8192,4096,1,m,n,n,128,256,32,4,2,2,1,813.9161682128906,10553.832111310496
128,8192,4096,1,k,n,n,16,128,16,3,1,1,1,353.3824157714844,24307.758984687858
128,8192,4096,1,k,n,n,16,128,16,4,1,1,1,341.80606842041016,25131.0183920862
128,8192,4096,1,k,n,n,16,128,16,5,1,1,1,357.6831817626953,24015.483617843085
128,8192,4096,1,k,n,n,16,128,16,6,1,1,1,393.62560272216797,21822.60130589884
128,8192,4096,1,k,n,n,16,128,32,3,1,1,1,386.4166259765625,22229.723087849256
128,8192,4096,1,k,n,n,16,128,32,4,1,1,1,470.5894470214844,18253.564006521025
128,8192,4096,1,k,n,n,16,128,32,5,1,1,1,468.5619354248047,18332.54889604348
128,8192,4096,1,k,n,n,16,128,32,6,1,1,1,763.4944152832031,11250.81522543126
128,8192,4096,1,k,n,n,16,128,64,3,1,1,1,781.6166687011719,10989.958295380351
128,8192,4096,1,k,n,n,16,128,64,4,1,1,1,773.4521484375,11105.967718045746
128,8192,4096,1,k,n,n,16,128,64,5,1,1,1,779.2025756835938,11024.00692716404
128,8192,4096,1,k,n,n,32,128,16,3,1,1,1,184.0127944946289,46681.1811406447
128,8192,4096,1,k,n,n,32,128,16,4,1,1,1,187.21216201782227,45883.4217788813
128,8192,4096,1,k,n,n,32,128,16,5,1,1,1,361.0438537597656,23791.94245393703
128,8192,4096,1,k,n,n,32,128,16,6,1,1,1,365.50785064697266,23501.36823817945
128,8192,4096,1,k,n,n,32,128,32,3,1,1,1,353.7305450439453,24283.836135589703
128,8192,4096,1,k,n,n,32,128,32,3,2,2,1,206.9094467163086,41515.42971248466
128,8192,4096,1,k,n,n,32,128,32,4,1,1,1,357.9487991333008,23997.66282998785
128,8192,4096,1,k,n,n,32,128,32,4,2,2,1,184.91392135620117,46453.69331308019
128,8192,4096,1,k,n,n,32,128,32,5,1,1,1,706.6828918457031,12155.288731505789
128,8192,4096,1,k,n,n,32,128,32,5,2,2,1,235.45856475830078,36481.724930318866
128,8192,4096,1,k,n,n,32,128,32,6,1,1,1,694.1900634765625,12374.038529132615
128,8192,4096,1,k,n,n,32,128,32,6,2,2,1,238.5919952392578,36002.610160437674
128,8192,4096,1,k,n,n,32,128,64,3,1,1,1,741.6403198242188,11582.34573065817
128,8192,4096,1,k,n,n,32,128,64,3,2,2,1,212.7257537841797,40380.322735698915
128,8192,4096,1,k,n,n,32,128,64,4,1,1,1,697.9001617431641,12308.257058638143
128,8192,4096,1,k,n,n,32,128,64,4,2,2,1,211.68127059936523,40579.56836558103
128,8192,4096,1,k,n,n,32,256,32,3,2,2,1,211.35360717773438,40642.4792399045
128,8192,4096,1,k,n,n,32,256,32,4,2,2,1,221.90080642700195,38710.69569468106
128,8192,4096,1,k,n,n,32,256,32,5,2,2,1,214.5894432067871,40029.62337584515
128,8192,4096,1,k,n,n,64,128,16,3,1,1,1,572.4569702148438,15005.380384793267
128,8192,4096,1,k,n,n,64,128,16,3,2,2,1,164.61824417114258,52180.93921029567
128,8192,4096,1,k,n,n,64,128,16,4,1,1,1,627.3843383789062,13691.662457171738
128,8192,4096,1,k,n,n,64,128,16,4,2,2,1,164.3724822998047,52258.95765407084
128,8192,4096,1,k,n,n,64,128,16,5,1,1,1,607.6825714111328,14135.56188069183
128,8192,4096,1,k,n,n,64,128,16,5,2,2,1,165.6012725830078,51871.187087009166
128,8192,4096,1,k,n,n,64,128,16,6,1,1,1,603.135986328125,14242.119168340927
128,8192,4096,1,k,n,n,64,128,16,6,2,2,1,173.19936752319336,49595.646420878016
128,8192,4096,1,k,n,n,64,128,32,3,1,1,1,849.3055725097656,10114.068328335654
128,8192,4096,1,k,n,n,64,128,32,3,2,2,1,172.99455642700195,49654.36352111271
128,8192,4096,1,k,n,n,64,128,32,4,1,1,1,834.0070343017578,10299.594893934693
128,8192,4096,1,k,n,n,64,128,32,4,2,2,1,174.91968154907227,49107.87920449173
128,8192,4096,1,k,n,n,64,128,32,5,1,1,1,1098.3833312988281,7820.525264019149
128,8192,4096,1,k,n,n,64,128,32,5,2,2,1,201.83359146118164,42559.48937841741
128,8192,4096,1,k,n,n,64,128,32,6,1,1,1,1490.4730224609375,5763.227151751502
128,8192,4096,1,k,n,n,64,128,32,6,2,2,1,202.79296875,42358.148041067136
128,8192,4096,1,k,n,n,64,128,64,3,1,1,1,1333.4527587890625,6441.873951200721
128,8192,4096,1,k,n,n,64,128,64,3,2,2,1,180.94079971313477,47473.729560268126
128,8192,4096,1,k,n,n,64,128,64,4,1,1,1,1378.2630920410156,6232.434606719028
128,8192,4096,1,k,n,n,64,128,64,4,2,2,1,179.44576263427734,47869.25289234536
128,8192,4096,1,k,n,n,64,256,16,3,2,2,1,192.24576950073242,44682.04743494902
128,8192,4096,1,k,n,n,64,256,16,4,2,2,1,191.00160598754883,44973.10139140908
128,8192,4096,1,k,n,n,64,256,16,5,2,2,1,198.75839233398438,43217.97178539195
128,8192,4096,1,k,n,n,64,256,16,6,2,2,1,200.7481575012207,42789.60613597545
128,8192,4096,1,k,n,n,64,256,32,3,2,2,1,176.31231307983398,48719.992619633376
128,8192,4096,1,k,n,n,64,256,32,4,2,2,1,176.4147186279297,48691.711546567385
128,8192,4096,1,k,n,n,128,128,16,3,1,1,1,1637.0072937011719,5247.340451720707
128,8192,4096,1,k,n,n,128,128,16,3,2,2,1,149.0944004058838,57614.065777221585
128,8192,4096,1,k,n,n,128,128,16,4,1,1,1,1511.5058898925781,5683.030843241029
128,8192,4096,1,k,n,n,128,128,16,4,2,2,1,170.2092742919922,50466.90098251672
128,8192,4096,1,k,n,n,128,128,16,5,1,1,1,1570.85693359375,5468.311218099447
128,8192,4096,1,k,n,n,128,128,16,5,2,2,1,150.41215896606445,57109.3098526565
128,8192,4096,1,k,n,n,128,128,16,6,1,1,1,1700.9049987792969,5050.21420841541
128,8192,4096,1,k,n,n,128,128,16,6,2,2,1,161.21856689453125,53281.29853442695
128,8192,4096,1,k,n,n,128,128,32,3,1,1,1,1931.5303039550781,4447.217097454236
128,8192,4096,1,k,n,n,128,128,32,3,2,2,1,163.10272216796875,52665.79538233453
128,8192,4096,1,k,n,n,128,128,32,4,1,1,1,1888.2969665527344,4549.037966036531
128,8192,4096,1,k,n,n,128,128,32,4,2,2,1,144.50688362121582,59443.082410635194
128,8192,4096,1,k,n,n,128,128,32,5,1,1,1,1895.7516479492188,4531.149742790622
128,8192,4096,1,k,n,n,128,128,32,5,2,2,1,166.78911209106445,51501.770615038826
128,8192,4096,1,k,n,n,128,128,32,6,1,1,1,1925.5046081542969,4461.134268711997
128,8192,4096,1,k,n,n,128,128,32,6,2,2,1,146.73919677734375,58538.78704974805
128,8192,4096,1,k,n,n,128,128,64,3,1,1,1,1890.6112670898438,4543.469480758044
128,8192,4096,1,k,n,n,128,128,64,3,2,2,1,146.49344444274902,58636.98969380862
128,8192,4096,1,k,n,n,128,256,16,3,2,2,1,652.9023742675781,13156.537532331899
128,8192,4096,1,k,n,n,128,256,16,4,2,2,1,648.2125091552734,13251.72604767237
128,8192,4096,1,k,n,n,128,256,16,5,2,2,1,602.6035308837891,14254.703385826248
128,8192,4096,1,k,n,n,128,256,16,6,2,2,1,603.4431838989258,14234.86886785149
128,8192,4096,1,k,n,n,128,256,32,3,2,2,1,869.2940521240234,9881.50623026978
128,8192,4096,1,k,n,n,128,256,32,4,2,2,1,832.7782440185547,10314.792267566265
