gpu_name,device_index,sm,compute_capability,total_mem_gb,dtype,opA,opB,a_layout,b_layout,c_layout,tf32,algo,reps,warmups,m,n,k,time_min_ms,time_avg_ms,gflops_max,gflops_avg CUBLAS,,CuTe BEST (w/o splitK),CuTe (BEST splitK only),CuTe BEST,m*n,CuTe Better?,
NVIDIA GeForce RTX 3090,0,sm_86,8.6,23.6884,fp16,N,N,row,row,row,0,auto,50,5,64,64,4096,0.008192,0.00890368,4096,3768.6,,1587.596989,3162.934447,3162.934447,4096,0,0.8392863258
NVIDIA GeForce RTX 3090,0,sm_86,8.6,23.6884,fp16,N,N,row,row,row,0,auto,50,5,64,64,8192,0.009376,0.0101293,7157.52,6625.24,,1793.541382,5416.198272,5416.198272,4096,0,0.8175097464
NVIDIA GeForce RTX 3090,0,sm_86,8.6,23.6884,fp16,N,N,row,row,row,0,auto,50,5,64,8192,256,0.00992,0.0102214,27060,26262,,27080.99234,,27080.99234,524288,1,1.031185452
NVIDIA GeForce RTX 3090,0,sm_86,8.6,23.6884,fp16,N,N,row,row,row,0,auto,50,5,64,8192,512,0.016384,0.0173408,32768,30960,,32046.94375,,32046.94375,524288,1,1.035108002
NVIDIA GeForce RTX 3090,0,sm_86,8.6,23.6884,fp16,N,N,row,row,row,0,auto,50,5,128,64,8192,0.010208,0.0104307,13148.3,12867.5,,3585.120449,9429.640353,9429.640353,8192,0,0.7328261397
NVIDIA GeForce RTX 3090,0,sm_86,8.6,23.6884,fp16,N,N,row,row,row,0,auto,50,5,128,8192,256,0.015104,0.0154477,35544.9,34754.1,,35459.30637,,35459.30637,1048576,1,1.020291315
NVIDIA GeForce RTX 3090,0,sm_86,8.6,23.6884,fp16,N,N,row,row,row,0,auto,50,5,240,240,240,0.005088,0.00543808,5433.96,5084.15,,3802.816939,2928.416558,3802.816939,57600,0,0.7479749691
NVIDIA GeForce RTX 3090,0,sm_86,8.6,23.6884,fp16,N,N,row,row,row,0,auto,50,5,256,256,256,0.005856,0.0061376,5729.92,5467.03,,4936.333641,3775.115322,4936.333641,65536,0,0.9029278494
NVIDIA GeForce RTX 3090,0,sm_86,8.6,23.6884,fp16,N,N,row,row,row,0,auto,50,5,512,64,768,0.009216,0.00998272,5461.33,5041.88,,6518.833075,,6518.833075,32768,1,1.292936975
NVIDIA GeForce RTX 3090,0,sm_86,8.6,23.6884,fp16,N,N,row,row,row,0,auto,50,5,512,64,1024,0.009216,0.00952768,7281.78,7043.57,,7620.465373,,7620.465373,32768,1,1.081903832
NVIDIA GeForce RTX 3090,0,sm_86,8.6,23.6884,fp16,N,N,row,row,row,0,auto,50,5,512,512,512,0.01024,0.0107398,26214.4,24994.4,,25500.38841,,25500.38841,262144,1,1.020244071
NVIDIA GeForce RTX 3090,0,sm_86,8.6,23.6884,fp16,N,N,row,row,row,0,auto,50,5,512,768,3072,0.0512,0.0515053,47185.9,46906.3,,35997.80243,33847.77968,35997.80243,393216,0,0.7674406728
NVIDIA GeForce RTX 3090,0,sm_86,8.6,23.6884,fp16,N,N,row,row,row,0,auto,50,5,512,1024,4096,0.088832,0.0891501,48349.3,48176.8,,48759.63819,,48759.63819,524288,1,1.012097902
NVIDIA GeForce RTX 3090,0,sm_86,8.6,23.6884,fp16,N,N,row,row,row,0,auto,50,5,512,3072,768,0.052064,0.0525498,46402.9,45973.9,,47091.73686,,47091.73686,1572864,1,1.024314597
NVIDIA GeForce RTX 3090,0,sm_86,8.6,23.6884,fp16,N,N,row,row,row,0,auto,50,5,512,4096,1024,0.086016,0.0867917,49932.2,49485.9,,50963.59782,,50963.59782,2097152,1,1.029860987
NVIDIA GeForce RTX 3090,0,sm_86,8.6,23.6884,fp16,N,N,row,row,row,0,auto,50,5,768,768,768,0.018432,0.0190886,49152,47461.2,,43712.25199,25206.1542,43712.25199,589824,0,0.9210102567
NVIDIA GeForce RTX 3090,0,sm_86,8.6,23.6884,fp16,N,N,row,row,row,0,auto,50,5,1024,1024,1024,0.045056,0.0457677,47662.5,46921.4,,48388.3717,,48388.3717,1048576,1,1.031264449
NVIDIA GeForce RTX 3090,0,sm_86,8.6,23.6884,fp16,N,N,row,row,row,0,auto,50,5,8192,8192,8192,14.1527,14.3856,77689.2,76431.3,,76071.83799,,76071.83799,67108864,0,0.9952969266
NVIDIA GeForce RTX 3090,0,sm_86,8.6,23.6884,fp16,N,N,row,row,row,0,auto,50,5,16384,64,256,0.019456,0.0201613,27594.1,26628.8,,22308.34874,12141.91807,22308.34874,1048576,0,0.8377526865
NVIDIA GeForce RTX 3090,0,sm_86,8.6,23.6884,fp16,N,N,row,row,row,0,auto,50,5,16384,64,512,0.030432,0.0310266,35283.3,34607.2,,25954.8513,19397.19506,25954.8513,1048576,0,0.7499841449