Profile_File,Kernel_ID,Kernel_Name,Grid_Size,Block_Size,ALU_Pipe_Active_%,ALU_Pipe_Elapsed_%,FMA_Pipe_Active_%,FMA_Pipe_Elapsed_%,FP64_Pipe_Active_%,FP64_Pipe_Elapsed_%,Tensor_Pipe_Active_%,Tensor_Pipe_Elapsed_%,LSU_Pipe_Active_%,LSU_Pipe_Elapsed_%,TEX_Pipe_Active_%,TEX_Pipe_Elapsed_%,DRAM_Read_MB,DRAM_Write_MB,DRAM_Throughput_%,L1_Hit_Rate_%,L2_Hit_Rate_%,SM_Active_Cycles,Warps_Active_%,Inst_Per_Cycle,Duration_us
prob4_cfg2_M4096_N4096_K4096_L1_cta64x128x32_s4_atom2x2x1_mnn.ncu-rep,,,,,%,%,%,%,%,%,%,%,%,%,%,%,Mbyte,Mbyte,,%,%,cycle,%,inst/cycle,msecond
prob4_cfg2_M4096_N4096_K4096_L1_cta64x128x32_s4_atom2x2x1_mnn.ncu-rep,0,void at::native::unrolled_elementwise_kernel<at::native::direct_copy_kernel_cuda,"32,768",128,31.061881,30.544676,7.993866,7.860762,0.000000,0.000000,0.000000,0.000000,16.444525,16.170711,0.000000,0.000000,33.554560,63.952768,,0.000000,66.710490,174963.414634,92.460819,1.617045,0.130528
prob4_cfg2_M4096_N4096_K4096_L1_cta64x128x32_s4_atom2x2x1_mnn.ncu-rep,1,void at::native::unrolled_elementwise_kernel<at::native::direct_copy_kernel_cuda,"32,768",128,31.079583,30.530505,7.998422,7.857115,0.000000,0.000000,0.000000,0.000000,16.453897,16.163208,0.000000,0.000000,33.554560,63.942784,,0.000000,66.710553,174863.756098,92.415962,1.617967,0.130080
prob4_cfg2_M4096_N4096_K4096_L1_cta64x128x32_s4_atom2x2x1_mnn.ncu-rep,2,void cutlass::Kernel<cutlass_80_simt_sgemm_128x256_8x4_nt_align1>,"1,024",256,5.942029,5.698339,79.993228,76.712596,0.000000,0.000000,0.000000,0.000000,39.076514,37.473933,0.000303,0.000291,523.742336,131.133440,,1.918000,84.724984,8242814.280488,16.639282,3.544745,6.171296
prob4_cfg2_M4096_N4096_K4096_L1_cta64x128x32_s4_atom2x2x1_mnn.ncu-rep,3,void at::native::unrolled_elementwise_kernel<at::native::direct_copy_kernel_cuda,"32,768",128,38.370279,37.736159,6.474985,6.367977,0.000000,0.000000,0.000000,0.000000,17.266626,16.981271,0.000000,0.000000,67.108992,31.072768,,14.047663,33.411326,166633.036585,91.121564,1.678700,0.123808
prob4_cfg2_M4096_N4096_K4096_L1_cta64x128x32_s4_atom2x2x1_mnn.ncu-rep,4,kernel_cutlass_kernel_tensorop_gemm_tunableTensorOpGemm_object_at__tensorptrf16gmemalign16odiv81div8div8_tensorptrf16gmemalign16odiv81div8div8_tensorptrf16gmemalign16odiv8div81div8_TiledC_0,"2,048",128,13.405555,13.344827,2.710058,2.697781,0.000000,0.000000,48.394097,48.174868,18.762165,18.677171,0.000000,0.000000,377.407360,32.226816,,0.000000,88.403933,3382233.890244,16.384019,0.739794,2.436832
prob4_cfg2_M4096_N4096_K4096_L1_cta64x128x32_s4_atom2x2x1_mnn.ncu-rep,5,kernel_cutlass_kernel_tensorop_gemm_tunableTensorOpGemm_object_at__tensorptrf16gmemalign16odiv81div8div8_tensorptrf16gmemalign16odiv81div8div8_tensorptrf16gmemalign16odiv8div81div8_TiledC_0,"2,048",128,13.404084,13.350121,2.709760,2.698851,0.000000,0.000000,48.388789,48.193980,18.760107,18.684580,0.000000,0.000000,377.397632,32.231424,,0.000000,88.413728,3382604.914634,16.380421,0.739713,2.437248
prob4_cfg2_M4096_N4096_K4096_L1_cta64x128x32_s4_atom2x2x1_mnn.ncu-rep,6,kernel_cutlass_kernel_tensorop_gemm_tunableTensorOpGemm_object_at__tensorptrf16gmemalign16odiv81div8div8_tensorptrf16gmemalign16odiv81div8div8_tensorptrf16gmemalign16odiv8div81div8_TiledC_0,"2,048",128,13.402211,13.347451,2.709382,2.698311,0.000000,0.000000,48.382027,48.184341,18.757485,18.680843,0.000000,0.000000,377.311744,32.236160,,0.000000,88.409783,3383077.682927,16.385614,0.739610,2.436576
prob4_cfg2_M4096_N4096_K4096_L1_cta64x128x32_s4_atom2x2x1_mnn.ncu-rep,7,kernel_cutlass_kernel_tensorop_gemm_tunableTensorOpGemm_object_at__tensorptrf16gmemalign16odiv81div8div8_tensorptrf16gmemalign16odiv81div8div8_tensorptrf16gmemalign16odiv8div81div8_TiledC_0,"2,048",128,13.405686,13.353528,2.710084,2.699540,0.000000,0.000000,48.394570,48.206279,18.762348,18.689348,0.000000,0.000000,377.318528,32.233984,,0.000000,88.420258,3382200.878049,16.388604,0.739801,2.437024
prob4_cfg3_M4096_N4096_K4096_L1_cta64x128x64_s3_atom2x2x1_mnn.ncu-rep,,,,,%,%,%,%,%,%,%,%,%,%,%,%,Mbyte,Mbyte,,%,%,cycle,%,inst/cycle,msecond
prob4_cfg3_M4096_N4096_K4096_L1_cta64x128x64_s3_atom2x2x1_mnn.ncu-rep,0,void at::native::unrolled_elementwise_kernel<at::native::direct_copy_kernel_cuda,"32,768",128,31.009201,30.544738,7.980309,7.860778,0.000000,0.000000,0.000000,0.000000,16.416636,16.170744,0.000000,0.000000,33.554560,63.950720,,0.000000,66.710172,175260.646341,92.221916,1.614303,0.130400
prob4_cfg3_M4096_N4096_K4096_L1_cta64x128x64_s3_atom2x2x1_mnn.ncu-rep,1,void at::native::unrolled_elementwise_kernel<at::native::direct_copy_kernel_cuda,"32,768",128,30.929983,30.504048,7.959922,7.850306,0.000000,0.000000,0.000000,0.000000,16.374697,16.149202,0.000000,0.000000,33.554560,63.959424,,0.000000,66.727289,175709.524390,92.296369,1.610179,0.130048
prob4_cfg3_M4096_N4096_K4096_L1_cta64x128x64_s3_atom2x2x1_mnn.ncu-rep,2,void cutlass::Kernel<cutlass_80_simt_sgemm_128x256_8x4_nt_align1>,"1,024",256,5.940323,5.694724,79.970270,76.663941,0.000000,0.000000,0.000000,0.000000,39.065296,37.450162,0.000303,0.000290,524.824064,131.229952,,1.918478,84.669803,8245181.304878,16.625468,3.543728,6.178144
prob4_cfg3_M4096_N4096_K4096_L1_cta64x128x64_s3_atom2x2x1_mnn.ncu-rep,3,void at::native::unrolled_elementwise_kernel<at::native::direct_copy_kernel_cuda,"32,768",128,38.374767,37.820764,6.475742,6.382254,0.000000,0.000000,0.000000,0.000000,17.268645,17.019344,0.000000,0.000000,67.108992,31.016448,,14.087177,33.394846,166613.548780,91.176031,1.678896,0.123712
prob4_cfg3_M4096_N4096_K4096_L1_cta64x128x64_s3_atom2x2x1_mnn.ncu-rep,4,kernel_cutlass_kernel_tensorop_gemm_tunableTensorOpGemm_object_at__tensorptrf16gmemalign16odiv81div8div8_tensorptrf16gmemalign16odiv81div8div8_tensorptrf16gmemalign16odiv8div81div8_TiledC_0,"2,048",128,8.928787,8.877280,1.444808,1.436473,0.000000,0.000000,45.067542,44.807563,15.453458,15.364312,0.000000,0.000000,378.536064,32.248576,,0.000000,88.380842,3631885.585366,8.332954,0.437335,2.620704
prob4_cfg3_M4096_N4096_K4096_L1_cta64x128x64_s3_atom2x2x1_mnn.ncu-rep,5,kernel_cutlass_kernel_tensorop_gemm_tunableTensorOpGemm_object_at__tensorptrf16gmemalign16odiv81div8div8_tensorptrf16gmemalign16odiv81div8div8_tensorptrf16gmemalign16odiv8div81div8_TiledC_0,"2,048",128,8.928829,8.879799,1.444814,1.436881,0.000000,0.000000,45.067757,44.820279,15.453531,15.368672,0.000000,0.000000,378.544128,32.244736,,0.000000,88.380773,3631868.268293,8.331724,0.437337,2.620384
prob4_cfg3_M4096_N4096_K4096_L1_cta64x128x64_s3_atom2x2x1_mnn.ncu-rep,6,kernel_cutlass_kernel_tensorop_gemm_tunableTensorOpGemm_object_at__tensorptrf16gmemalign16odiv81div8div8_tensorptrf16gmemalign16odiv81div8div8_tensorptrf16gmemalign16odiv8div81div8_TiledC_0,"2,048",128,8.928606,8.879482,1.444778,1.436829,0.000000,0.000000,45.066628,44.818680,15.453144,15.368124,0.000000,0.000000,378.536064,32.244736,,0.000000,88.374223,3631959.256098,8.330553,0.437326,2.620032
prob4_cfg3_M4096_N4096_K4096_L1_cta64x128x64_s3_atom2x2x1_mnn.ncu-rep,7,kernel_cutlass_kernel_tensorop_gemm_tunableTensorOpGemm_object_at__tensorptrf16gmemalign16odiv81div8div8_tensorptrf16gmemalign16odiv81div8div8_tensorptrf16gmemalign16odiv8div81div8_TiledC_0,"2,048",128,8.928663,8.881013,1.444788,1.437077,0.000000,0.000000,45.066918,44.826405,15.453244,15.370773,0.000000,0.000000,378.862336,32.308352,,0.000000,88.380867,3631935.890244,8.329630,0.437328,2.619616
prob3_cfg1_M4096_N128_K4096_L1_cta128x128x16_s3_atom2x2x1_mnn.ncu-rep,,,,,%,%,%,%,%,%,%,%,%,%,%,%,Mbyte,Mbyte,,%,%,cycle,%,inst/cycle,usecond
prob3_cfg1_M4096_N128_K4096_L1_cta128x128x16_s3_atom2x2x1_mnn.ncu-rep,0,void at::native::unrolled_elementwise_kernel<at::native::direct_copy_kernel_cuda,"32,768",128,31.072359,30.517768,7.996563,7.853837,0.000000,0.000000,0.000000,0.000000,16.450072,16.156465,0.000000,0.000000,33.554560,63.952896,,0.000000,66.711125,174904.414634,92.462386,1.617590,130.464000
prob3_cfg1_M4096_N128_K4096_L1_cta128x128x16_s3_atom2x2x1_mnn.ncu-rep,1,void at::native::unrolled_elementwise_kernel<at::native::direct_copy_kernel_cuda,"1,024",128,28.874435,17.224516,7.430921,4.432780,0.000000,0.000000,0.000000,0.000000,15.286466,9.118861,0.000000,0.000000,1.048704,0.000000,,0.000000,67.758358,5881.817073,68.416543,1.503169,8.288000
prob3_cfg1_M4096_N128_K4096_L1_cta128x128x16_s3_atom2x2x1_mnn.ncu-rep,2,void cutlass::Kernel<cutlass_80_simt_sgemm_128x256_8x4_nt_align1>,64,256,6.297856,4.628724,74.895182,55.045575,0.000000,0.000000,0.000000,0.000000,38.034706,27.954299,0.000566,0.000416,69.206272,0.041984,,5.419629,40.146915,275575.780488,16.631751,3.348022,270.496000
prob3_cfg1_M4096_N128_K4096_L1_cta128x128x16_s3_atom2x2x1_mnn.ncu-rep,3,void at::native::unrolled_elementwise_kernel<at::native::direct_copy_kernel_cuda,"1,024",128,32.626466,20.093649,5.505716,3.390803,0.000000,0.000000,0.000000,0.000000,14.681910,9.042142,0.000000,0.000000,2.097280,0.000000,,14.343303,35.491940,6124.012195,73.222059,1.427408,7.904000
prob3_cfg1_M4096_N128_K4096_L1_cta128x128x16_s3_atom2x2x1_mnn.ncu-rep,4,kernel_cutlass_kernel_tensorop_gemm_tunableTensorOpGemm_object_at__tensorptrf16gmemalign16odiv81div8div8_tensorptrf16gmemalign16odiv81div8div8_tensorptrf16gmemalign16odiv8div81div8_TiledC_0,32,128,11.053306,4.278643,1.764983,0.683210,0.000000,0.000000,46.295743,17.920698,13.368235,5.174733,0.000000,0.000000,34.603008,0.001024,,0.000000,49.337322,110485.426829,8.330527,0.490324,204.864000
prob3_cfg1_M4096_N128_K4096_L1_cta128x128x16_s3_atom2x2x1_mnn.ncu-rep,5,kernel_cutlass_kernel_tensorop_gemm_tunableTensorOpGemm_object_at__tensorptrf16gmemalign16odiv81div8div8_tensorptrf16gmemalign16odiv81div8div8_tensorptrf16gmemalign16odiv8div81div8_TiledC_0,32,128,11.050351,4.277428,1.764511,0.683016,0.000000,0.000000,46.283364,17.915610,13.364660,5.173264,0.000000,0.000000,34.603008,0.002304,,0.000000,49.337041,110514.975610,8.329530,0.490193,204.992000
prob3_cfg1_M4096_N128_K4096_L1_cta128x128x16_s3_atom2x2x1_mnn.ncu-rep,6,kernel_cutlass_kernel_tensorop_gemm_tunableTensorOpGemm_object_at__tensorptrf16gmemalign16odiv81div8div8_tensorptrf16gmemalign16odiv81div8div8_tensorptrf16gmemalign16odiv8div81div8_TiledC_0,32,128,11.049975,4.279377,1.764451,0.683327,0.000000,0.000000,46.281791,17.923769,13.364206,5.175620,0.000000,0.000000,34.603008,0.017536,,0.000000,49.336572,110518.731707,8.329179,0.490176,205.024000
prob3_cfg1_M4096_N128_K4096_L1_cta128x128x16_s3_atom2x2x1_mnn.ncu-rep,7,kernel_cutlass_kernel_tensorop_gemm_tunableTensorOpGemm_object_at__tensorptrf16gmemalign16odiv81div8div8_tensorptrf16gmemalign16odiv81div8div8_tensorptrf16gmemalign16odiv8div81div8_TiledC_0,32,128,11.056037,4.263317,1.765419,0.680763,0.000000,0.000000,46.307182,17.856505,13.371538,5.156196,0.000000,0.000000,34.603136,0.001024,,0.000000,49.343464,110458.134146,8.332762,0.490445,204.928000
prob1_cfg3_M256_N8192_K2048_L1_cta64x128x64_s3_atom2x2x1_mnn.ncu-rep,,,,,%,%,%,%,%,%,%,%,%,%,%,%,Mbyte,Mbyte,,%,%,cycle,%,inst/cycle,usecond
prob1_cfg3_M256_N8192_K2048_L1_cta64x128x64_s3_atom2x2x1_mnn.ncu-rep,0,void at::native::unrolled_elementwise_kernel<at::native::direct_copy_kernel_cuda,"1,024",128,28.850269,17.226433,7.424702,4.433273,0.000000,0.000000,0.000000,0.000000,15.273672,9.119877,0.000000,0.000000,1.048704,0.000000,,0.000000,67.755182,5886.743902,68.385916,1.501911,8.256000
prob1_cfg3_M256_N8192_K2048_L1_cta64x128x64_s3_atom2x2x1_mnn.ncu-rep,1,void at::native::unrolled_elementwise_kernel<at::native::direct_copy_kernel_cuda,"32,768",128,31.029074,30.489973,7.985423,7.846684,0.000000,0.000000,0.000000,0.000000,16.427157,16.141750,0.000000,0.000000,33.554560,63.942528,,0.000000,66.699740,175148.402439,92.386973,1.615337,130.304000
prob1_cfg3_M256_N8192_K2048_L1_cta64x128x64_s3_atom2x2x1_mnn.ncu-rep,2,void cutlass::Kernel<cutlass_80_simt_sgemm_128x64_8x5_nt_align1>,512,128,12.758500,10.075994,70.119689,55.376854,0.000000,0.000000,0.000000,0.000000,51.465535,40.644782,0.002126,0.001679,91.100032,15.366656,,7.594094,77.139774,587441.195122,16.217592,3.418972,479.136000
prob1_cfg3_M256_N8192_K2048_L1_cta64x128x64_s3_atom2x2x1_mnn.ncu-rep,3,void at::native::unrolled_elementwise_kernel<at::native::direct_copy_kernel_cuda,"4,096",128,38.850284,33.998649,6.555985,5.737272,0.000000,0.000000,0.000000,0.000000,17.482628,15.299392,0.000000,0.000000,8.388736,1.723648,,14.255793,33.890092,20571.780488,82.699992,1.699700,18.976000
prob1_cfg3_M256_N8192_K2048_L1_cta64x128x64_s3_atom2x2x1_mnn.ncu-rep,4,kernel_cutlass_kernel_tensorop_gemm_tunableTensorOpGemm_object_at__tensorptrf16gmemalign16odiv81div8div8_tensorptrf16gmemalign16odiv81div8div8_tensorptrf16gmemalign16odiv8div81div8_TiledC_0,256,128,8.945387,6.979941,1.464055,1.142378,0.000000,0.000000,43.258920,33.754238,15.472246,12.072744,0.000000,0.000000,47.326976,3.079296,,0.000000,77.012350,236483.243902,8.335529,0.435705,218.944000
prob1_cfg3_M256_N8192_K2048_L1_cta64x128x64_s3_atom2x2x1_mnn.ncu-rep,5,kernel_cutlass_kernel_tensorop_gemm_tunableTensorOpGemm_object_at__tensorptrf16gmemalign16odiv81div8div8_tensorptrf16gmemalign16odiv81div8div8_tensorptrf16gmemalign16odiv8div81div8_TiledC_0,256,128,8.942354,6.993537,1.463558,1.144603,0.000000,0.000000,43.244253,33.819984,15.467000,12.096259,0.000000,0.000000,47.327616,3.059840,,0.000000,77.012539,236563.451220,8.326936,0.435557,217.536000
prob1_cfg3_M256_N8192_K2048_L1_cta64x128x64_s3_atom2x2x1_mnn.ncu-rep,6,kernel_cutlass_kernel_tensorop_gemm_tunableTensorOpGemm_object_at__tensorptrf16gmemalign16odiv81div8div8_tensorptrf16gmemalign16odiv81div8div8_tensorptrf16gmemalign16odiv8div81div8_TiledC_0,256,128,8.940085,7.003607,1.463187,1.146251,0.000000,0.000000,43.233281,33.868682,15.463075,12.113677,0.000000,0.000000,47.293568,3.008896,,0.000000,77.013255,236623.487805,8.320202,0.435447,217.856000
prob1_cfg3_M256_N8192_K2048_L1_cta64x128x64_s3_atom2x2x1_mnn.ncu-rep,7,kernel_cutlass_kernel_tensorop_gemm_tunableTensorOpGemm_object_at__tensorptrf16gmemalign16odiv81div8div8_tensorptrf16gmemalign16odiv81div8div8_tensorptrf16gmemalign16odiv8div81div8_TiledC_0,256,128,8.952799,7.001376,1.465268,1.145886,0.000000,0.000000,43.294763,33.857896,15.485065,12.109819,0.000000,0.000000,47.296640,3.006848,,0.000000,77.010547,236287.463415,8.333546,0.436066,217.376000
prob2_cfg0_M2048_N2048_K16384_L1_cta64x128x64_s4_atom2x2x1_mnn.ncu-rep,,,,,%,%,%,%,%,%,%,%,%,%,%,%,Mbyte,Mbyte,,%,%,cycle,%,inst/cycle,msecond
prob2_cfg0_M2048_N2048_K16384_L1_cta64x128x64_s4_atom2x2x1_mnn.ncu-rep,0,void at::native::unrolled_elementwise_kernel<at::native::direct_copy_kernel_cuda,"65,536",128,31.229679,30.996489,8.037050,7.977038,0.000000,0.000000,0.000000,0.000000,16.533359,16.409906,0.000000,0.000000,67.108992,131.071872,,0.000000,66.693848,348046.658537,93.503327,1.625780,0.255584
prob2_cfg0_M2048_N2048_K16384_L1_cta64x128x64_s4_atom2x2x1_mnn.ncu-rep,1,void at::native::unrolled_elementwise_kernel<at::native::direct_copy_kernel_cuda,"65,536",128,31.118614,30.840387,8.008467,7.936864,0.000000,0.000000,0.000000,0.000000,16.474560,16.327264,0.000000,0.000000,67.108992,131.070848,,0.000000,66.692339,349288.865854,93.470519,1.619998,0.255424
prob2_cfg0_M2048_N2048_K16384_L1_cta64x128x64_s4_atom2x2x1_mnn.ncu-rep,2,void cutlass::Kernel<cutlass_80_simt_sgemm_128x256_8x4_nt_align1>,384,256,5.640505,5.277501,81.472200,76.228917,0.000000,0.000000,0.000000,0.000000,39.068026,36.553736,0.000116,0.000108,503.327488,47.219200,,0.994684,84.770048,8087356.914634,16.658112,3.596597,6.204224
prob2_cfg0_M2048_N2048_K16384_L1_cta64x128x64_s4_atom2x2x1_mnn.ncu-rep,3,void at::native::unrolled_elementwise_kernel<at::native::direct_copy_kernel_cuda,"8,192",128,38.572257,36.447746,6.509068,6.150557,0.000000,0.000000,0.000000,0.000000,17.357516,16.401486,0.000000,0.000000,16.777344,5.830144,,14.141853,33.621280,41440.121951,86.420315,1.687536,0.033792
prob2_cfg0_M2048_N2048_K16384_L1_cta64x128x64_s4_atom2x2x1_mnn.ncu-rep,4,kernel_cutlass_kernel_tensorop_gemm_tunableTensorOpGemm_object_at__tensorptrf16gmemalign16odiv81div8div8_tensorptrf16gmemalign16odiv81div8div8_tensorptrf16gmemalign16odiv8div81div8_TiledC_0,512,128,9.162204,8.171997,1.412557,1.259895,0.000000,0.000000,45.862454,40.905864,15.252961,13.604495,0.000000,0.000000,413.147264,8.090752,,0.000000,87.219970,3568935.841463,8.334158,0.440192,2.870368
prob2_cfg0_M2048_N2048_K16384_L1_cta64x128x64_s4_atom2x2x1_mnn.ncu-rep,5,kernel_cutlass_kernel_tensorop_gemm_tunableTensorOpGemm_object_at__tensorptrf16gmemalign16odiv81div8div8_tensorptrf16gmemalign16odiv81div8div8_tensorptrf16gmemalign16odiv8div81div8_TiledC_0,512,128,9.158813,8.174327,1.412035,1.260254,0.000000,0.000000,45.845483,40.917523,15.247317,13.608373,0.000000,0.000000,413.249536,8.123136,,0.000000,87.217081,3570257.000000,8.332307,0.440029,2.869472
prob2_cfg0_M2048_N2048_K16384_L1_cta64x128x64_s4_atom2x2x1_mnn.ncu-rep,6,kernel_cutlass_kernel_tensorop_gemm_tunableTensorOpGemm_object_at__tensorptrf16gmemalign16odiv81div8div8_tensorptrf16gmemalign16odiv81div8div8_tensorptrf16gmemalign16odiv8div81div8_TiledC_0,512,128,9.160958,8.174923,1.412365,1.260346,0.000000,0.000000,45.856220,40.920510,15.250888,13.609366,0.000000,0.000000,413.155328,8.107136,,0.000000,87.219978,3569421.024390,8.330975,0.440132,2.869888
prob2_cfg0_M2048_N2048_K16384_L1_cta64x128x64_s4_atom2x2x1_mnn.ncu-rep,7,kernel_cutlass_kernel_tensorop_gemm_tunableTensorOpGemm_object_at__tensorptrf16gmemalign16odiv81div8div8_tensorptrf16gmemalign16odiv81div8div8_tensorptrf16gmemalign16odiv8div81div8_TiledC_0,512,128,9.161236,8.171644,1.412408,1.259841,0.000000,0.000000,45.857610,40.904093,15.251350,13.603906,0.000000,0.000000,413.143168,8.062080,,0.000000,87.210671,3569312.804878,8.333696,0.440145,2.870048
prob3_cfg0_M4096_N128_K4096_L1_cta64x128x64_s4_atom2x2x1_mnn.ncu-rep,,,,,%,%,%,%,%,%,%,%,%,%,%,%,Mbyte,Mbyte,,%,%,cycle,%,inst/cycle,usecond
prob3_cfg0_M4096_N128_K4096_L1_cta64x128x64_s4_atom2x2x1_mnn.ncu-rep,0,void at::native::unrolled_elementwise_kernel<at::native::direct_copy_kernel_cuda,"32,768",128,31.003025,30.574265,7.978720,7.868377,0.000000,0.000000,0.000000,0.000000,16.413366,16.186376,0.000000,0.000000,33.554560,63.987968,,0.000000,66.710617,175295.560976,92.404547,1.613981,130.464000
prob3_cfg0_M4096_N128_K4096_L1_cta64x128x64_s4_atom2x2x1_mnn.ncu-rep,1,void at::native::unrolled_elementwise_kernel<at::native::direct_copy_kernel_cuda,"1,024",128,29.939074,17.149176,7.704909,4.413391,0.000000,0.000000,0.000000,0.000000,15.850098,9.078976,0.000000,0.000000,1.048704,0.000000,,0.000000,67.754419,5672.658537,70.699857,1.558593,8.256000
prob3_cfg0_M4096_N128_K4096_L1_cta64x128x64_s4_atom2x2x1_mnn.ncu-rep,2,void cutlass::Kernel<cutlass_80_simt_sgemm_128x256_8x4_nt_align1>,64,256,6.304746,4.629668,74.981728,55.060188,0.000000,0.000000,0.000000,0.000000,38.077894,27.961159,0.000567,0.000416,69.275904,0.017408,,5.424738,40.147071,275258.097561,16.642346,3.351819,271.104000
prob3_cfg0_M4096_N128_K4096_L1_cta64x128x64_s4_atom2x2x1_mnn.ncu-rep,3,void at::native::unrolled_elementwise_kernel<at::native::direct_copy_kernel_cuda,"1,024",128,32.338353,20.161399,5.457097,3.402236,0.000000,0.000000,0.000000,0.000000,14.552259,9.072630,0.000000,0.000000,2.097280,0.000000,,14.256946,35.486826,6178.573171,72.721353,1.414803,8.032000
prob3_cfg0_M4096_N128_K4096_L1_cta64x128x64_s4_atom2x2x1_mnn.ncu-rep,4,kernel_cutlass_kernel_tensorop_gemm_tunableTensorOpGemm_object_at__tensorptrf16gmemalign16odiv81div8div8_tensorptrf16gmemalign16odiv81div8div8_tensorptrf16gmemalign16odiv8div81div8_TiledC_0,64,128,9.159312,7.023068,1.430595,1.096934,0.000000,0.000000,44.182589,33.877800,15.284846,11.719932,0.000000,0.000000,34.619392,0.038016,,0.000000,66.025508,115769.695122,8.327731,0.438104,108.992000
prob3_cfg0_M4096_N128_K4096_L1_cta64x128x64_s4_atom2x2x1_mnn.ncu-rep,5,kernel_cutlass_kernel_tensorop_gemm_tunableTensorOpGemm_object_at__tensorptrf16gmemalign16odiv81div8div8_tensorptrf16gmemalign16odiv81div8div8_tensorptrf16gmemalign16odiv8div81div8_TiledC_0,64,128,9.157767,7.025012,1.430353,1.097238,0.000000,0.000000,44.175139,33.887177,15.282269,11.723176,0.000000,0.000000,34.635776,0.074880,,0.000000,66.026388,115789.219512,8.328468,0.438031,108.704000
prob3_cfg0_M4096_N128_K4096_L1_cta64x128x64_s4_atom2x2x1_mnn.ncu-rep,6,kernel_cutlass_kernel_tensorop_gemm_tunableTensorOpGemm_object_at__tensorptrf16gmemalign16odiv81div8div8_tensorptrf16gmemalign16odiv81div8div8_tensorptrf16gmemalign16odiv8div81div8_TiledC_0,64,128,9.166510,7.027549,1.431719,1.097634,0.000000,0.000000,44.217313,33.899414,15.296859,11.727410,0.000000,0.000000,34.644096,0.025728,,0.000000,66.025477,115678.780488,8.334786,0.438449,108.672000
prob3_cfg0_M4096_N128_K4096_L1_cta64x128x64_s4_atom2x2x1_mnn.ncu-rep,7,kernel_cutlass_kernel_tensorop_gemm_tunableTensorOpGemm_object_at__tensorptrf16gmemalign16odiv81div8div8_tensorptrf16gmemalign16odiv81div8div8_tensorptrf16gmemalign16odiv8div81div8_TiledC_0,64,128,9.161657,7.033682,1.430961,1.098592,0.000000,0.000000,44.193902,33.928997,15.288759,11.737644,0.000000,0.000000,34.603008,0.013056,,0.000000,66.012419,115740.060976,8.327249,0.438217,108.416000
prob1_cfg4_M256_N8192_K2048_L1_cta64x128x32_s3_atom2x2x1_mnn.ncu-rep,,,,,%,%,%,%,%,%,%,%,%,%,%,%,Mbyte,Mbyte,,%,%,cycle,%,inst/cycle,usecond
prob1_cfg4_M256_N8192_K2048_L1_cta64x128x32_s3_atom2x2x1_mnn.ncu-rep,0,void at::native::unrolled_elementwise_kernel<at::native::direct_copy_kernel_cuda,"1,024",128,29.466566,16.871201,7.583307,4.341853,0.000000,0.000000,0.000000,0.000000,15.599947,8.931812,0.000000,0.000000,1.048704,0.000000,,0.000000,67.764460,5763.621951,70.162829,1.533995,8.192000
prob1_cfg4_M256_N8192_K2048_L1_cta64x128x32_s3_atom2x2x1_mnn.ncu-rep,1,void at::native::unrolled_elementwise_kernel<at::native::direct_copy_kernel_cuda,"32,768",128,31.043489,30.507928,7.989133,7.851305,0.000000,0.000000,0.000000,0.000000,16.434788,16.151256,0.000000,0.000000,33.554560,63.995904,,0.000000,66.711061,175067.073171,92.249344,1.616087,130.368000
prob1_cfg4_M256_N8192_K2048_L1_cta64x128x32_s3_atom2x2x1_mnn.ncu-rep,2,void cutlass::Kernel<cutlass_80_simt_sgemm_128x64_8x5_nt_align1>,512,128,12.765462,11.274215,70.157131,61.961455,0.000000,0.000000,0.000000,0.000000,51.493619,45.478193,0.002127,0.001878,91.087744,15.335808,,8.547525,77.516475,587120.817073,16.236487,3.420837,479.040000
prob1_cfg4_M256_N8192_K2048_L1_cta64x128x32_s3_atom2x2x1_mnn.ncu-rep,3,void at::native::unrolled_elementwise_kernel<at::native::direct_copy_kernel_cuda,"4,096",128,38.717689,33.890837,6.533610,5.719079,0.000000,0.000000,0.000000,0.000000,17.422960,15.250877,0.000000,0.000000,8.388736,1.737984,,14.237564,33.890344,20642.231707,81.432077,1.693899,18.912000
prob1_cfg4_M256_N8192_K2048_L1_cta64x128x32_s3_atom2x2x1_mnn.ncu-rep,4,kernel_cutlass_kernel_tensorop_gemm_tunableTensorOpGemm_object_at__tensorptrf16gmemalign16odiv81div8div8_tensorptrf16gmemalign16odiv81div8div8_tensorptrf16gmemalign16odiv8div81div8_TiledC_0,256,128,12.005325,9.505908,2.576686,2.040240,0.000000,0.000000,44.958913,35.598812,17.858435,14.140446,0.000000,0.000000,43.703808,2.763776,,0.000000,78.854949,227541.304878,14.414622,0.679927,206.976000
prob1_cfg4_M256_N8192_K2048_L1_cta64x128x32_s3_atom2x2x1_mnn.ncu-rep,5,kernel_cutlass_kernel_tensorop_gemm_tunableTensorOpGemm_object_at__tensorptrf16gmemalign16odiv81div8div8_tensorptrf16gmemalign16odiv81div8div8_tensorptrf16gmemalign16odiv8div81div8_TiledC_0,256,128,12.009815,9.503455,2.577649,2.039713,0.000000,0.000000,44.975729,35.589626,17.865115,14.136797,0.000000,0.000000,43.813760,2.797440,,0.000000,78.707792,227456.231707,14.418887,0.680181,206.976000
prob1_cfg4_M256_N8192_K2048_L1_cta64x128x32_s3_atom2x2x1_mnn.ncu-rep,6,kernel_cutlass_kernel_tensorop_gemm_tunableTensorOpGemm_object_at__tensorptrf16gmemalign16odiv81div8div8_tensorptrf16gmemalign16odiv81div8div8_tensorptrf16gmemalign16odiv8div81div8_TiledC_0,256,128,12.015727,9.525240,2.578918,2.044389,0.000000,0.000000,44.997869,35.671207,17.873909,14.169203,0.000000,0.000000,43.844352,2.838656,,0.000000,78.747258,227344.317073,14.428618,0.680516,206.976000
prob1_cfg4_M256_N8192_K2048_L1_cta64x128x32_s3_atom2x2x1_mnn.ncu-rep,7,kernel_cutlass_kernel_tensorop_gemm_tunableTensorOpGemm_object_at__tensorptrf16gmemalign16odiv81div8div8_tensorptrf16gmemalign16odiv81div8div8_tensorptrf16gmemalign16odiv8div81div8_TiledC_0,256,128,12.013835,9.509389,2.578512,2.040986,0.000000,0.000000,44.990783,35.611845,17.871095,14.145623,0.000000,0.000000,43.844736,2.806272,,0.000000,78.832243,227380.121951,14.428895,0.680409,206.624000
prob2_cfg1_M2048_N2048_K16384_L1_cta128x128x16_s3_atom2x2x1_mnn.ncu-rep,,,,,%,%,%,%,%,%,%,%,%,%,%,%,Mbyte,Mbyte,,%,%,cycle,%,inst/cycle,msecond
prob2_cfg1_M2048_N2048_K16384_L1_cta128x128x16_s3_atom2x2x1_mnn.ncu-rep,0,void at::native::unrolled_elementwise_kernel<at::native::direct_copy_kernel_cuda,"65,536",128,31.193500,30.989449,8.027739,7.975226,0.000000,0.000000,0.000000,0.000000,16.514206,16.406179,0.000000,0.000000,67.166336,131.104768,,0.000000,66.692609,348450.329268,93.345259,1.623897,0.255552
prob2_cfg1_M2048_N2048_K16384_L1_cta128x128x16_s3_atom2x2x1_mnn.ncu-rep,1,void at::native::unrolled_elementwise_kernel<at::native::direct_copy_kernel_cuda,"65,536",128,31.282621,30.982279,8.050674,7.973381,0.000000,0.000000,0.000000,0.000000,16.561387,16.402383,0.000000,0.000000,67.108992,131.072640,,0.000000,66.700409,347457.634146,93.603977,1.628536,0.254592
prob2_cfg1_M2048_N2048_K16384_L1_cta128x128x16_s3_atom2x2x1_mnn.ncu-rep,2,void cutlass::Kernel<cutlass_80_simt_sgemm_128x256_8x4_nt_align1>,384,256,5.646067,5.276471,81.552681,76.214171,0.000000,0.000000,0.000000,0.000000,39.106550,36.546601,0.000116,0.000108,503.344000,47.220480,,0.995507,84.792417,8079390.158537,16.674813,3.600143,6.199712
prob2_cfg1_M2048_N2048_K16384_L1_cta128x128x16_s3_atom2x2x1_mnn.ncu-rep,3,void at::native::unrolled_elementwise_kernel<at::native::direct_copy_kernel_cuda,"8,192",128,38.818504,36.649821,6.550623,6.184657,0.000000,0.000000,0.000000,0.000000,17.468327,16.492419,0.000000,0.000000,16.777344,5.817728,,14.142875,33.621027,41177.243902,87.223399,1.698310,0.033728
prob2_cfg1_M2048_N2048_K16384_L1_cta128x128x16_s3_atom2x2x1_mnn.ncu-rep,4,kernel_cutlass_kernel_tensorop_gemm_tunableTensorOpGemm_object_at__tensorptrf16gmemalign16odiv81div8div8_tensorptrf16gmemalign16odiv81div8div8_tensorptrf16gmemalign16odiv8div81div8_TiledC_0,256,128,11.552329,9.085739,1.833060,1.441675,0.000000,0.000000,49.060764,38.585576,13.890419,10.924612,0.000000,0.000000,276.511488,6.254592,,0.000000,86.825127,3336274.073171,15.913362,0.512231,3.038048
prob2_cfg1_M2048_N2048_K16384_L1_cta128x128x16_s3_atom2x2x1_mnn.ncu-rep,5,kernel_cutlass_kernel_tensorop_gemm_tunableTensorOpGemm_object_at__tensorptrf16gmemalign16odiv81div8div8_tensorptrf16gmemalign16odiv81div8div8_tensorptrf16gmemalign16odiv8div81div8_TiledC_0,256,128,11.564593,9.086734,1.835006,1.441833,0.000000,0.000000,49.112845,38.589802,13.905164,10.925808,0.000000,0.000000,280.703872,6.348928,,0.000000,86.447221,3332736.170732,15.683187,0.512775,3.042592
prob2_cfg1_M2048_N2048_K16384_L1_cta128x128x16_s3_atom2x2x1_mnn.ncu-rep,6,kernel_cutlass_kernel_tensorop_gemm_tunableTensorOpGemm_object_at__tensorptrf16gmemalign16odiv81div8div8_tensorptrf16gmemalign16odiv81div8div8_tensorptrf16gmemalign16odiv8div81div8_TiledC_0,256,128,11.566349,9.093380,1.835284,1.442887,0.000000,0.000000,49.120303,38.618029,13.907276,10.933800,0.000000,0.000000,288.611584,6.370432,,0.000000,86.826965,3332230.170732,15.566343,0.512853,3.038496
prob2_cfg1_M2048_N2048_K16384_L1_cta128x128x16_s3_atom2x2x1_mnn.ncu-rep,7,kernel_cutlass_kernel_tensorop_gemm_tunableTensorOpGemm_object_at__tensorptrf16gmemalign16odiv81div8div8_tensorptrf16gmemalign16odiv81div8div8_tensorptrf16gmemalign16odiv8div81div8_TiledC_0,256,128,11.577941,9.087721,1.837124,1.441989,0.000000,0.000000,49.169534,38.593995,13.921214,10.926995,0.000000,0.000000,284.642560,6.403584,,0.000000,86.644481,3328893.768293,15.700394,0.513367,3.042336
prob4_cfg0_M4096_N4096_K4096_L1_cta64x128x64_s4_atom2x2x1_mnn.ncu-rep,,,,,%,%,%,%,%,%,%,%,%,%,%,%,Mbyte,Mbyte,,%,%,cycle,%,inst/cycle,msecond
prob4_cfg0_M4096_N4096_K4096_L1_cta64x128x64_s4_atom2x2x1_mnn.ncu-rep,0,void at::native::unrolled_elementwise_kernel<at::native::direct_copy_kernel_cuda,"32,768",128,31.022352,30.457490,7.983693,7.838325,0.000000,0.000000,0.000000,0.000000,16.423598,16.124554,0.000000,0.000000,33.554560,63.983232,,0.000000,66.710776,175186.353659,92.196277,1.614987,0.130464
prob4_cfg0_M4096_N4096_K4096_L1_cta64x128x64_s4_atom2x2x1_mnn.ncu-rep,1,void at::native::unrolled_elementwise_kernel<at::native::direct_copy_kernel_cuda,"32,768",128,31.194438,30.399205,8.027980,7.823325,0.000000,0.000000,0.000000,0.000000,16.514702,16.093697,0.000000,0.000000,33.562752,63.959424,,0.000000,66.710871,174219.926829,93.168224,1.623946,0.130304
prob4_cfg0_M4096_N4096_K4096_L1_cta64x128x64_s4_atom2x2x1_mnn.ncu-rep,2,void cutlass::Kernel<cutlass_80_simt_sgemm_128x256_8x4_nt_align1>,"1,024",256,5.941362,5.696271,79.984358,76.684880,0.000000,0.000000,0.000000,0.000000,39.072124,37.460339,0.000303,0.000290,523.161728,131.147520,,1.918380,84.752268,8243740.341463,16.632327,3.544347,6.172352
prob4_cfg0_M4096_N4096_K4096_L1_cta64x128x64_s4_atom2x2x1_mnn.ncu-rep,3,void at::native::unrolled_elementwise_kernel<at::native::direct_copy_kernel_cuda,"32,768",128,38.417998,37.708898,6.483037,6.363377,0.000000,0.000000,0.000000,0.000000,17.288099,16.969004,0.000000,0.000000,67.108992,31.038592,,14.038065,33.411008,166426.060976,91.159079,1.680787,0.123712
prob4_cfg0_M4096_N4096_K4096_L1_cta64x128x64_s4_atom2x2x1_mnn.ncu-rep,4,kernel_cutlass_kernel_tensorop_gemm_tunableTensorOpGemm_object_at__tensorptrf16gmemalign16odiv81div8div8_tensorptrf16gmemalign16odiv81div8div8_tensorptrf16gmemalign16odiv8div81div8_TiledC_0,"2,048",128,9.272680,9.215471,1.448302,1.439366,0.000000,0.000000,44.729452,44.453489,15.474032,15.378563,0.000000,0.000000,378.540032,32.293632,,0.000000,88.380476,3659337.414634,8.331080,0.443527,2.644480
prob4_cfg0_M4096_N4096_K4096_L1_cta64x128x64_s4_atom2x2x1_mnn.ncu-rep,5,kernel_cutlass_kernel_tensorop_gemm_tunableTensorOpGemm_object_at__tensorptrf16gmemalign16odiv81div8div8_tensorptrf16gmemalign16odiv81div8div8_tensorptrf16gmemalign16odiv8div81div8_TiledC_0,"2,048",128,9.276603,9.219907,1.448914,1.440059,0.000000,0.000000,44.748375,44.474889,15.480578,15.385966,0.000000,0.000000,378.602496,32.247552,,0.000000,88.376646,3657789.951220,8.330734,0.443715,2.642240
prob4_cfg0_M4096_N4096_K4096_L1_cta64x128x64_s4_atom2x2x1_mnn.ncu-rep,6,kernel_cutlass_kernel_tensorop_gemm_tunableTensorOpGemm_object_at__tensorptrf16gmemalign16odiv81div8div8_tensorptrf16gmemalign16odiv81div8div8_tensorptrf16gmemalign16odiv8div81div8_TiledC_0,"2,048",128,9.276695,9.215329,1.448929,1.439344,0.000000,0.000000,44.748819,44.452804,15.480732,15.378326,0.000000,0.000000,378.556160,32.252672,,0.000000,88.379912,3657753.634146,8.332752,0.443719,2.641600
prob4_cfg0_M4096_N4096_K4096_L1_cta64x128x64_s4_atom2x2x1_mnn.ncu-rep,7,kernel_cutlass_kernel_tensorop_gemm_tunableTensorOpGemm_object_at__tensorptrf16gmemalign16odiv81div8div8_tensorptrf16gmemalign16odiv81div8div8_tensorptrf16gmemalign16odiv8div81div8_TiledC_0,"2,048",128,9.273963,9.220331,1.448502,1.440125,0.000000,0.000000,44.735641,44.476934,15.476173,15.386674,0.000000,0.000000,378.548864,32.244736,,0.000000,88.378766,3658831.121951,8.329715,0.443588,2.640864
prob4_cfg1_M4096_N4096_K4096_L1_cta128x128x16_s3_atom2x2x1_mnn.ncu-rep,,,,,%,%,%,%,%,%,%,%,%,%,%,%,Mbyte,Mbyte,,%,%,cycle,%,inst/cycle,msecond
prob4_cfg1_M4096_N4096_K4096_L1_cta128x128x16_s3_atom2x2x1_mnn.ncu-rep,0,void at::native::unrolled_elementwise_kernel<at::native::direct_copy_kernel_cuda,"32,768",128,31.007648,30.440314,7.979909,7.833904,0.000000,0.000000,0.000000,0.000000,16.415814,16.115460,0.000000,0.000000,33.554560,63.948928,,0.000000,66.709886,175269.426829,92.351325,1.614222,0.130784
prob4_cfg1_M4096_N4096_K4096_L1_cta128x128x16_s3_atom2x2x1_mnn.ncu-rep,1,void at::native::unrolled_elementwise_kernel<at::native::direct_copy_kernel_cuda,"32,768",128,31.032449,30.572168,7.986292,7.867837,0.000000,0.000000,0.000000,0.000000,16.428943,16.185265,0.000000,0.000000,33.554560,63.950976,,0.000000,66.707334,175129.353659,92.330245,1.615513,0.129984
prob4_cfg1_M4096_N4096_K4096_L1_cta128x128x16_s3_atom2x2x1_mnn.ncu-rep,2,void cutlass::Kernel<cutlass_80_simt_sgemm_128x256_8x4_nt_align1>,"1,024",256,5.944852,5.699397,80.031285,76.726902,0.000000,0.000000,0.000000,0.000000,39.095076,37.480893,0.000303,0.000291,523.067904,131.106688,,1.918104,84.731978,8238900.719512,16.650018,3.546429,6.172416
prob4_cfg1_M4096_N4096_K4096_L1_cta128x128x16_s3_atom2x2x1_mnn.ncu-rep,3,void at::native::unrolled_elementwise_kernel<at::native::direct_copy_kernel_cuda,"32,768",128,38.393370,37.784850,6.478881,6.376194,0.000000,0.000000,0.000000,0.000000,17.277017,17.003183,0.000000,0.000000,67.108992,31.024384,,14.057467,33.411008,166532.817073,91.057860,1.679710,0.123648
prob4_cfg1_M4096_N4096_K4096_L1_cta128x128x16_s3_atom2x2x1_mnn.ncu-rep,4,kernel_cutlass_kernel_tensorop_gemm_tunableTensorOpGemm_object_at__tensorptrf16gmemalign16odiv81div8div8_tensorptrf16gmemalign16odiv81div8div8_tensorptrf16gmemalign16odiv8div81div8_TiledC_0,"1,024",128,11.749442,10.517663,1.876141,1.679452,0.000000,0.000000,49.211441,44.052252,14.210164,12.720410,0.000000,0.000000,224.822144,32.443776,,0.000000,89.822547,3326058.975610,16.346209,0.521205,2.493376
prob4_cfg1_M4096_N4096_K4096_L1_cta128x128x16_s3_atom2x2x1_mnn.ncu-rep,5,kernel_cutlass_kernel_tensorop_gemm_tunableTensorOpGemm_object_at__tensorptrf16gmemalign16odiv81div8div8_tensorptrf16gmemalign16odiv81div8div8_tensorptrf16gmemalign16odiv8div81div8_TiledC_0,"1,024",128,11.748358,10.524727,1.875968,1.680580,0.000000,0.000000,49.206900,44.081838,14.208853,12.728953,0.000000,0.000000,222.456320,32.269184,,0.000000,89.820160,3326365.963415,16.329973,0.521156,2.662176
prob4_cfg1_M4096_N4096_K4096_L1_cta128x128x16_s3_atom2x2x1_mnn.ncu-rep,6,kernel_cutlass_kernel_tensorop_gemm_tunableTensorOpGemm_object_at__tensorptrf16gmemalign16odiv81div8div8_tensorptrf16gmemalign16odiv81div8div8_tensorptrf16gmemalign16odiv8div81div8_TiledC_0,"1,024",128,11.749735,11.232114,1.876188,1.793535,0.000000,0.000000,49.212669,47.044661,14.210519,13.584491,0.000000,0.000000,221.276928,32.244864,,0.000000,89.734344,3325975.975610,16.333490,0.521218,2.495424
prob4_cfg1_M4096_N4096_K4096_L1_cta128x128x16_s3_atom2x2x1_mnn.ncu-rep,7,kernel_cutlass_kernel_tensorop_gemm_tunableTensorOpGemm_object_at__tensorptrf16gmemalign16odiv81div8div8_tensorptrf16gmemalign16odiv81div8div8_tensorptrf16gmemalign16odiv8div81div8_TiledC_0,"1,024",128,11.749666,10.530050,1.876177,1.681430,0.000000,0.000000,49.212381,44.104131,14.210436,12.735391,0.000000,0.000000,222.809344,32.265216,,0.000000,89.870162,3325995.439024,16.332637,0.521215,2.493248
prob0_cfg3_M256_N2048_K8192_L1_cta64x128x64_s3_atom2x2x1_mnn.ncu-rep,,,,,%,%,%,%,%,%,%,%,%,%,%,%,Mbyte,Mbyte,,%,%,cycle,%,inst/cycle,usecond
prob0_cfg3_M256_N2048_K8192_L1_cta64x128x64_s3_atom2x2x1_mnn.ncu-rep,0,void at::native::unrolled_elementwise_kernel<at::native::direct_copy_kernel_cuda,"4,096",128,30.362587,26.248270,7.813901,6.755069,0.000000,0.000000,0.000000,0.000000,16.074311,13.896143,0.000000,0.000000,4.194432,5.304064,,0.000000,66.958208,22374.134146,80.527391,1.580641,20.224000
prob0_cfg3_M256_N2048_K8192_L1_cta64x128x64_s3_atom2x2x1_mnn.ncu-rep,1,void at::native::unrolled_elementwise_kernel<at::native::direct_copy_kernel_cuda,"32,768",128,30.963930,30.404634,7.968658,7.824722,0.000000,0.000000,0.000000,0.000000,16.392669,16.096571,0.000000,0.000000,33.554560,63.948544,,0.000000,66.710045,175516.890244,92.596353,1.611946,130.848000
prob0_cfg3_M256_N2048_K8192_L1_cta64x128x64_s3_atom2x2x1_mnn.ncu-rep,2,void cutlass::Kernel<cutlass_80_simt_sgemm_128x64_8x5_nt_align1>,704,128,13.165750,11.467464,68.867508,59.984100,0.000000,0.000000,0.000000,0.000000,51.727529,45.055053,0.002852,0.002485,95.542912,8.206976,,8.615057,77.830868,601957.817073,16.430985,3.381188,497.792000
prob0_cfg3_M256_N2048_K8192_L1_cta64x128x64_s3_atom2x2x1_mnn.ncu-rep,3,void at::native::unrolled_elementwise_kernel<at::native::direct_copy_kernel_cuda,"1,024",128,31.996688,20.236954,5.399441,3.414986,0.000000,0.000000,0.000000,0.000000,14.398510,9.106629,0.000000,0.000000,2.097280,0.000000,,14.310781,35.481234,6244.548780,70.575938,1.399855,7.968000
prob0_cfg3_M256_N2048_K8192_L1_cta64x128x64_s3_atom2x2x1_mnn.ncu-rep,4,kernel_cutlass_kernel_tensorop_gemm_tunableTensorOpGemm_object_at__tensorptrf16gmemalign16odiv81div8div8_tensorptrf16gmemalign16odiv81div8div8_tensorptrf16gmemalign16odiv8div81div8_TiledC_0,64,128,8.828463,6.822916,1.419853,1.097308,0.000000,0.000000,45.557650,35.208396,15.285059,11.812778,0.000000,0.000000,37.748864,0.013184,,0.000000,81.375808,224550.865854,8.331137,0.433707,209.216000
prob0_cfg3_M256_N2048_K8192_L1_cta64x128x64_s3_atom2x2x1_mnn.ncu-rep,5,kernel_cutlass_kernel_tensorop_gemm_tunableTensorOpGemm_object_at__tensorptrf16gmemalign16odiv81div8div8_tensorptrf16gmemalign16odiv81div8div8_tensorptrf16gmemalign16odiv8div81div8_TiledC_0,64,128,8.827703,6.830470,1.419731,1.098522,0.000000,0.000000,45.553729,35.247375,15.283743,11.825856,0.000000,0.000000,37.748736,0.021504,,0.000000,81.364193,224570.195122,8.330796,0.433670,208.512000
prob0_cfg3_M256_N2048_K8192_L1_cta64x128x64_s3_atom2x2x1_mnn.ncu-rep,6,kernel_cutlass_kernel_tensorop_gemm_tunableTensorOpGemm_object_at__tensorptrf16gmemalign16odiv81div8div8_tensorptrf16gmemalign16odiv81div8div8_tensorptrf16gmemalign16odiv8div81div8_TiledC_0,64,128,8.829085,6.827708,1.419953,1.098078,0.000000,0.000000,45.560859,35.233124,15.286135,11.821074,0.000000,0.000000,37.748864,0.001152,,0.000000,81.370240,224535.048780,8.331915,0.433737,209.024000
prob0_cfg3_M256_N2048_K8192_L1_cta64x128x64_s3_atom2x2x1_mnn.ncu-rep,7,kernel_cutlass_kernel_tensorop_gemm_tunableTensorOpGemm_object_at__tensorptrf16gmemalign16odiv81div8div8_tensorptrf16gmemalign16odiv81div8div8_tensorptrf16gmemalign16odiv8div81div8_TiledC_0,64,128,8.829108,6.827461,1.419957,1.098039,0.000000,0.000000,45.560981,35.231851,15.286176,11.820647,0.000000,0.000000,37.765120,0.005376,,0.000000,81.362160,224534.451220,8.330813,0.433739,208.352000
prob3_cfg3_M4096_N128_K4096_L1_cta64x128x64_s3_atom2x2x1_mnn.ncu-rep,,,,,%,%,%,%,%,%,%,%,%,%,%,%,Mbyte,Mbyte,,%,%,cycle,%,inst/cycle,usecond
prob3_cfg3_M4096_N128_K4096_L1_cta64x128x64_s3_atom2x2x1_mnn.ncu-rep,0,void at::native::unrolled_elementwise_kernel<at::native::direct_copy_kernel_cuda,"32,768",128,31.037755,30.470098,7.987657,7.841569,0.000000,0.000000,0.000000,0.000000,16.431752,16.131228,0.000000,0.000000,33.554560,63.952256,,0.000000,66.710553,175099.414634,92.390465,1.615789,130.656000
prob3_cfg3_M4096_N128_K4096_L1_cta64x128x64_s3_atom2x2x1_mnn.ncu-rep,1,void at::native::unrolled_elementwise_kernel<at::native::direct_copy_kernel_cuda,"1,024",128,29.897040,17.125304,7.694091,4.407247,0.000000,0.000000,0.000000,0.000000,15.827845,9.066337,0.000000,0.000000,1.048704,0.000000,,0.000000,67.767635,5680.634146,70.919013,1.556405,8.288000
prob3_cfg3_M4096_N128_K4096_L1_cta64x128x64_s3_atom2x2x1_mnn.ncu-rep,2,void cutlass::Kernel<cutlass_80_simt_sgemm_128x256_8x4_nt_align1>,64,256,6.302676,4.627501,74.953707,55.031917,0.000000,0.000000,0.000000,0.000000,38.063416,27.946620,0.000567,0.000416,69.236864,0.058752,,5.427734,40.146938,275358.951220,16.644411,3.350616,270.976000
prob3_cfg3_M4096_N128_K4096_L1_cta64x128x64_s3_atom2x2x1_mnn.ncu-rep,3,void at::native::unrolled_elementwise_kernel<at::native::direct_copy_kernel_cuda,"1,024",128,31.350758,19.963835,5.290440,3.368897,0.000000,0.000000,0.000000,0.000000,14.107841,8.983726,0.000000,0.000000,2.097280,0.000000,,14.429025,35.483204,6373.207317,71.028108,1.371596,8.032000
prob3_cfg3_M4096_N128_K4096_L1_cta64x128x64_s3_atom2x2x1_mnn.ncu-rep,4,kernel_cutlass_kernel_tensorop_gemm_tunableTensorOpGemm_object_at__tensorptrf16gmemalign16odiv81div8div8_tensorptrf16gmemalign16odiv81div8div8_tensorptrf16gmemalign16odiv8div81div8_TiledC_0,64,128,8.787519,6.728108,1.421948,1.088706,0.000000,0.000000,44.354501,33.959743,15.208959,11.644643,0.000000,0.000000,34.603008,0.000896,,0.000000,66.002114,115320.987805,8.326459,0.430415,108.320000
prob3_cfg3_M4096_N128_K4096_L1_cta64x128x64_s3_atom2x2x1_mnn.ncu-rep,5,kernel_cutlass_kernel_tensorop_gemm_tunableTensorOpGemm_object_at__tensorptrf16gmemalign16odiv81div8div8_tensorptrf16gmemalign16odiv81div8div8_tensorptrf16gmemalign16odiv8div81div8_TiledC_0,64,128,8.783564,6.739243,1.421308,1.090507,0.000000,0.000000,44.334538,34.015944,15.202114,11.663914,0.000000,0.000000,34.603136,0.000768,,0.000000,66.025697,115372.914634,8.328147,0.430221,108.288000
prob3_cfg3_M4096_N128_K4096_L1_cta64x128x64_s3_atom2x2x1_mnn.ncu-rep,6,kernel_cutlass_kernel_tensorop_gemm_tunableTensorOpGemm_object_at__tensorptrf16gmemalign16odiv81div8div8_tensorptrf16gmemalign16odiv81div8div8_tensorptrf16gmemalign16odiv8div81div8_TiledC_0,64,128,8.787221,6.731397,1.421900,1.089238,0.000000,0.000000,44.352995,33.976342,15.208443,11.650335,0.000000,0.000000,34.603136,0.037888,,0.000000,66.020794,115324.902439,8.335429,0.430401,108.352000
prob3_cfg3_M4096_N128_K4096_L1_cta64x128x64_s3_atom2x2x1_mnn.ncu-rep,7,kernel_cutlass_kernel_tensorop_gemm_tunableTensorOpGemm_object_at__tensorptrf16gmemalign16odiv81div8div8_tensorptrf16gmemalign16odiv81div8div8_tensorptrf16gmemalign16odiv8div81div8_TiledC_0,64,128,8.784926,6.744435,1.421529,1.091348,0.000000,0.000000,44.341414,34.042150,15.204472,11.672900,0.000000,0.000000,34.603136,0.033664,,0.000000,66.025383,115355.024390,8.338477,0.430288,108.192000
prob1_cfg1_M256_N8192_K2048_L1_cta128x128x16_s3_atom2x2x1_mnn.ncu-rep,,,,,%,%,%,%,%,%,%,%,%,%,%,%,Mbyte,Mbyte,,%,%,cycle,%,inst/cycle,usecond
prob1_cfg1_M256_N8192_K2048_L1_cta128x128x16_s3_atom2x2x1_mnn.ncu-rep,0,void at::native::unrolled_elementwise_kernel<at::native::direct_copy_kernel_cuda,"1,024",128,29.730774,16.875494,7.651302,4.342958,0.000000,0.000000,0.000000,0.000000,15.739822,8.934085,0.000000,0.000000,1.048704,0.000000,,0.000000,67.753912,5712.402439,70.521739,1.547749,8.192000
prob1_cfg1_M256_N8192_K2048_L1_cta128x128x16_s3_atom2x2x1_mnn.ncu-rep,1,void at::native::unrolled_elementwise_kernel<at::native::direct_copy_kernel_cuda,"32,768",128,31.011172,30.538174,7.980816,7.859089,0.000000,0.000000,0.000000,0.000000,16.417679,16.167269,0.000000,0.000000,33.554560,63.953152,,0.000000,66.710299,175249.512195,92.083643,1.614405,130.368000
prob1_cfg1_M256_N8192_K2048_L1_cta128x128x16_s3_atom2x2x1_mnn.ncu-rep,2,void cutlass::Kernel<cutlass_80_simt_sgemm_128x64_8x5_nt_align1>,512,128,12.765464,11.286446,70.156310,62.027942,0.000000,0.000000,0.000000,0.000000,51.493627,45.527533,0.002127,0.001881,90.963200,15.191168,,7.398836,76.738630,587120.719512,16.256955,3.420838,478.688000
prob1_cfg1_M256_N8192_K2048_L1_cta128x128x16_s3_atom2x2x1_mnn.ncu-rep,3,void at::native::unrolled_elementwise_kernel<at::native::direct_copy_kernel_cuda,"4,096",128,38.470999,34.013118,6.491981,5.739714,0.000000,0.000000,0.000000,0.000000,17.311949,15.305903,0.000000,0.000000,8.388736,1.769856,,14.136128,33.887652,20774.597561,81.620316,1.683106,18.944000
prob1_cfg1_M256_N8192_K2048_L1_cta128x128x16_s3_atom2x2x1_mnn.ncu-rep,4,kernel_cutlass_kernel_tensorop_gemm_tunableTensorOpGemm_object_at__tensorptrf16gmemalign16odiv81div8div8_tensorptrf16gmemalign16odiv81div8div8_tensorptrf16gmemalign16odiv8div81div8_TiledC_0,128,128,11.565232,9.068217,1.861731,1.459770,0.000000,0.000000,47.567405,37.297266,14.092541,11.049862,0.000000,0.000000,36.831232,1.336448,,0.000000,73.436848,215063.439024,14.168203,0.513330,197.120000
prob1_cfg1_M256_N8192_K2048_L1_cta128x128x16_s3_atom2x2x1_mnn.ncu-rep,5,kernel_cutlass_kernel_tensorop_gemm_tunableTensorOpGemm_object_at__tensorptrf16gmemalign16odiv81div8div8_tensorptrf16gmemalign16odiv81div8div8_tensorptrf16gmemalign16odiv8div81div8_TiledC_0,128,128,11.570026,9.064100,1.862503,1.459107,0.000000,0.000000,47.587125,37.280336,14.098383,11.044846,0.000000,0.000000,36.836480,1.333120,,0.000000,73.426475,214974.317073,14.173843,0.513542,197.056000
prob1_cfg1_M256_N8192_K2048_L1_cta128x128x16_s3_atom2x2x1_mnn.ncu-rep,6,kernel_cutlass_kernel_tensorop_gemm_tunableTensorOpGemm_object_at__tensorptrf16gmemalign16odiv81div8div8_tensorptrf16gmemalign16odiv81div8div8_tensorptrf16gmemalign16odiv8div81div8_TiledC_0,128,128,11.574398,9.070436,1.863206,1.460127,0.000000,0.000000,47.605106,37.306396,14.103710,11.052566,0.000000,0.000000,36.839168,1.333248,,0.000000,73.423403,214893.121951,14.171133,0.513736,197.152000
prob1_cfg1_M256_N8192_K2048_L1_cta128x128x16_s3_atom2x2x1_mnn.ncu-rep,7,kernel_cutlass_kernel_tensorop_gemm_tunableTensorOpGemm_object_at__tensorptrf16gmemalign16odiv81div8div8_tensorptrf16gmemalign16odiv81div8div8_tensorptrf16gmemalign16odiv8div81div8_TiledC_0,128,128,11.567656,9.050345,1.862121,1.456893,0.000000,0.000000,47.577377,37.223763,14.095495,11.028085,0.000000,0.000000,36.845568,1.333376,,0.000000,73.431673,215018.365854,14.164025,0.513437,196.992000
prob3_cfg4_M4096_N128_K4096_L1_cta64x128x32_s3_atom2x2x1_mnn.ncu-rep,,,,,%,%,%,%,%,%,%,%,%,%,%,%,Mbyte,Mbyte,,%,%,cycle,%,inst/cycle,usecond
prob3_cfg4_M4096_N128_K4096_L1_cta64x128x32_s3_atom2x2x1_mnn.ncu-rep,0,void at::native::unrolled_elementwise_kernel<at::native::direct_copy_kernel_cuda,"32,768",128,30.964958,30.556982,7.968923,7.863929,0.000000,0.000000,0.000000,0.000000,16.393213,16.177226,0.000000,0.000000,33.554560,63.967104,,0.000000,66.713634,175511.060976,92.040122,1.611999,130.400000
prob3_cfg4_M4096_N128_K4096_L1_cta64x128x32_s3_atom2x2x1_mnn.ncu-rep,1,void at::native::unrolled_elementwise_kernel<at::native::direct_copy_kernel_cuda,"1,024",128,29.320280,16.932246,7.545660,4.357563,0.000000,0.000000,0.000000,0.000000,15.522501,8.964130,0.000000,0.000000,1.049600,0.000000,,0.000000,67.757723,5792.378049,69.173202,1.526379,8.192000
prob3_cfg4_M4096_N128_K4096_L1_cta64x128x32_s3_atom2x2x1_mnn.ncu-rep,2,void cutlass::Kernel<cutlass_80_simt_sgemm_128x256_8x4_nt_align1>,64,256,6.300727,4.625564,74.932944,55.010654,0.000000,0.000000,0.000000,0.000000,38.053821,27.936518,0.000567,0.000416,69.255296,0.009344,,5.426743,40.154597,275438.000000,16.635820,3.349657,271.296000
prob3_cfg4_M4096_N128_K4096_L1_cta64x128x32_s3_atom2x2x1_mnn.ncu-rep,3,void at::native::unrolled_elementwise_kernel<at::native::direct_copy_kernel_cuda,"1,024",128,31.436658,19.949979,5.304936,3.366559,0.000000,0.000000,0.000000,0.000000,14.146496,8.977491,0.000000,0.000000,2.097280,0.000000,,14.376171,35.614185,6355.792683,70.299615,1.375354,7.936000
prob3_cfg4_M4096_N128_K4096_L1_cta64x128x32_s3_atom2x2x1_mnn.ncu-rep,4,kernel_cutlass_kernel_tensorop_gemm_tunableTensorOpGemm_object_at__tensorptrf16gmemalign16odiv81div8div8_tensorptrf16gmemalign16odiv81div8div8_tensorptrf16gmemalign16odiv8div81div8_TiledC_0,64,128,10.217551,7.837196,2.196744,1.684974,0.000000,0.000000,39.227735,30.088955,15.146158,11.617598,0.000000,0.000000,34.603008,0.000896,,0.000000,65.998785,130392.560976,8.331709,0.580108,123.264000
prob3_cfg4_M4096_N128_K4096_L1_cta64x128x32_s3_atom2x2x1_mnn.ncu-rep,5,kernel_cutlass_kernel_tensorop_gemm_tunableTensorOpGemm_object_at__tensorptrf16gmemalign16odiv81div8div8_tensorptrf16gmemalign16odiv81div8div8_tensorptrf16gmemalign16odiv8div81div8_TiledC_0,64,128,10.209619,7.841619,2.195038,1.685925,0.000000,0.000000,39.197282,30.105939,15.134400,11.624156,0.000000,0.000000,34.603008,0.004864,,0.000000,66.027520,130493.865854,8.329244,0.579658,122.272000
prob3_cfg4_M4096_N128_K4096_L1_cta64x128x32_s3_atom2x2x1_mnn.ncu-rep,6,kernel_cutlass_kernel_tensorop_gemm_tunableTensorOpGemm_object_at__tensorptrf16gmemalign16odiv81div8div8_tensorptrf16gmemalign16odiv81div8div8_tensorptrf16gmemalign16odiv8div81div8_TiledC_0,64,128,10.218086,7.851800,2.196859,1.688114,0.000000,0.000000,39.229790,30.145025,15.146951,11.639247,0.000000,0.000000,34.603136,0.025856,,0.000000,66.027583,130385.731707,8.332604,0.580138,122.464000
prob3_cfg4_M4096_N128_K4096_L1_cta64x128x32_s3_atom2x2x1_mnn.ncu-rep,7,kernel_cutlass_kernel_tensorop_gemm_tunableTensorOpGemm_object_at__tensorptrf16gmemalign16odiv81div8div8_tensorptrf16gmemalign16odiv81div8div8_tensorptrf16gmemalign16odiv8div81div8_TiledC_0,64,128,10.218826,7.852028,2.197018,1.688163,0.000000,0.000000,39.232630,30.145900,15.148048,11.639585,0.000000,0.000000,34.603136,0.017280,,0.000000,66.027614,130376.292683,8.327648,0.580180,122.208000
prob2_cfg2_M2048_N2048_K16384_L1_cta64x128x32_s4_atom2x2x1_mnn.ncu-rep,,,,,%,%,%,%,%,%,%,%,%,%,%,%,Mbyte,Mbyte,,%,%,cycle,%,inst/cycle,msecond
prob2_cfg2_M2048_N2048_K16384_L1_cta64x128x32_s4_atom2x2x1_mnn.ncu-rep,0,void at::native::unrolled_elementwise_kernel<at::native::direct_copy_kernel_cuda,"65,536",128,31.227185,30.912879,8.036408,7.955520,0.000000,0.000000,0.000000,0.000000,16.532039,16.365642,0.000000,0.000000,67.108992,131.071488,,0.000000,66.692180,348074.451220,93.424426,1.625651,0.255328
prob2_cfg2_M2048_N2048_K16384_L1_cta64x128x32_s4_atom2x2x1_mnn.ncu-rep,1,void at::native::unrolled_elementwise_kernel<at::native::direct_copy_kernel_cuda,"65,536",128,31.205309,30.849185,8.030778,7.939129,0.000000,0.000000,0.000000,0.000000,16.520458,16.331922,0.000000,0.000000,67.108992,131.070336,,0.000000,66.692704,348318.463415,93.556538,1.624512,0.255424
prob2_cfg2_M2048_N2048_K16384_L1_cta64x128x32_s4_atom2x2x1_mnn.ncu-rep,2,void cutlass::Kernel<cutlass_80_simt_sgemm_128x256_8x4_nt_align1>,384,256,5.645588,5.277285,81.545748,76.225921,0.000000,0.000000,0.000000,0.000000,39.103232,36.552241,0.000116,0.000108,503.523840,47.298304,,0.995182,84.795861,8080075.670732,16.673488,3.599838,6.204064
prob2_cfg2_M2048_N2048_K16384_L1_cta64x128x32_s4_atom2x2x1_mnn.ncu-rep,3,void at::native::unrolled_elementwise_kernel<at::native::direct_copy_kernel_cuda,"8,192",128,38.850353,36.404075,6.555997,6.143188,0.000000,0.000000,0.000000,0.000000,17.482659,16.381834,0.000000,0.000000,16.785536,5.839616,,14.083751,33.620520,41143.487805,87.355555,1.699703,0.033888
prob2_cfg2_M2048_N2048_K16384_L1_cta64x128x32_s4_atom2x2x1_mnn.ncu-rep,4,kernel_cutlass_kernel_tensorop_gemm_tunableTensorOpGemm_object_at__tensorptrf16gmemalign16odiv81div8div8_tensorptrf16gmemalign16odiv81div8div8_tensorptrf16gmemalign16odiv8div81div8_TiledC_0,512,128,13.015509,11.634164,2.638373,2.358360,0.000000,0.000000,47.956843,42.867150,18.136023,16.211234,0.000000,0.000000,445.275648,8.061952,,0.000000,86.547559,3413071.975610,15.630325,0.719982,2.744896
prob2_cfg2_M2048_N2048_K16384_L1_cta64x128x32_s4_atom2x2x1_mnn.ncu-rep,5,kernel_cutlass_kernel_tensorop_gemm_tunableTensorOpGemm_object_at__tensorptrf16gmemalign16odiv81div8div8_tensorptrf16gmemalign16odiv81div8div8_tensorptrf16gmemalign16odiv8div81div8_TiledC_0,512,128,13.014329,11.587915,2.638134,2.348985,0.000000,0.000000,47.952496,42.696741,18.134379,16.146790,0.000000,0.000000,436.636416,8.123392,,0.000000,86.593957,3413381.341463,15.627134,0.719917,2.745024
prob2_cfg2_M2048_N2048_K16384_L1_cta64x128x32_s4_atom2x2x1_mnn.ncu-rep,6,kernel_cutlass_kernel_tensorop_gemm_tunableTensorOpGemm_object_at__tensorptrf16gmemalign16odiv81div8div8_tensorptrf16gmemalign16odiv81div8div8_tensorptrf16gmemalign16odiv8div81div8_TiledC_0,512,128,13.019488,11.629273,2.639179,2.357369,0.000000,0.000000,47.971505,42.849129,18.141568,16.204419,0.000000,0.000000,429.646080,8.062208,,0.000000,86.708296,3412028.804878,15.632583,0.720202,2.743712
prob2_cfg2_M2048_N2048_K16384_L1_cta64x128x32_s4_atom2x2x1_mnn.ncu-rep,7,kernel_cutlass_kernel_tensorop_gemm_tunableTensorOpGemm_object_at__tensorptrf16gmemalign16odiv81div8div8_tensorptrf16gmemalign16odiv81div8div8_tensorptrf16gmemalign16odiv8div81div8_TiledC_0,512,128,13.014163,11.625247,2.638100,2.356553,0.000000,0.000000,47.951885,42.834294,18.134148,16.198809,0.000000,0.000000,433.911808,8.098944,,0.000000,86.655312,3413424.853659,15.624869,0.719908,2.744640
prob0_cfg2_M256_N2048_K8192_L1_cta64x128x32_s4_atom2x2x1_mnn.ncu-rep,,,,,%,%,%,%,%,%,%,%,%,%,%,%,Mbyte,Mbyte,,%,%,cycle,%,inst/cycle,usecond
prob0_cfg2_M256_N2048_K8192_L1_cta64x128x32_s4_atom2x2x1_mnn.ncu-rep,0,void at::native::unrolled_elementwise_kernel<at::native::direct_copy_kernel_cuda,"4,096",128,30.161382,26.064587,7.762120,6.707798,0.000000,0.000000,0.000000,0.000000,15.967791,13.798899,0.000000,0.000000,4.194432,5.291264,,0.000000,66.959721,22523.390244,79.834261,1.570166,20.064000
prob0_cfg2_M256_N2048_K8192_L1_cta64x128x32_s4_atom2x2x1_mnn.ncu-rep,1,void at::native::unrolled_elementwise_kernel<at::native::direct_copy_kernel_cuda,"32,768",128,31.085972,30.556018,8.000066,7.863681,0.000000,0.000000,0.000000,0.000000,16.457279,16.176716,0.000000,0.000000,33.554560,63.975552,,0.000000,66.710204,174827.817073,92.528231,1.618299,130.432000
prob0_cfg2_M256_N2048_K8192_L1_cta64x128x32_s4_atom2x2x1_mnn.ncu-rep,2,void cutlass::Kernel<cutlass_80_simt_sgemm_128x64_8x5_nt_align1>,704,128,13.180028,11.462195,68.943276,59.957481,0.000000,0.000000,0.000000,0.000000,51.782775,45.033612,0.002856,0.002483,95.553664,8.230784,,8.320058,78.240951,601292.707317,16.417580,3.384955,497.728000
prob0_cfg2_M256_N2048_K8192_L1_cta64x128x32_s4_atom2x2x1_mnn.ncu-rep,3,void at::native::unrolled_elementwise_kernel<at::native::direct_copy_kernel_cuda,"1,024",128,30.690614,19.884123,5.179041,3.355446,0.000000,0.000000,0.000000,0.000000,13.810776,8.947855,0.000000,0.000000,2.097280,0.000000,,14.354310,35.437547,6510.292683,68.499369,1.342714,7.904000
prob0_cfg2_M256_N2048_K8192_L1_cta64x128x32_s4_atom2x2x1_mnn.ncu-rep,4,kernel_cutlass_kernel_tensorop_gemm_tunableTensorOpGemm_object_at__tensorptrf16gmemalign16odiv81div8div8_tensorptrf16gmemalign16odiv81div8div8_tensorptrf16gmemalign16odiv8div81div8_TiledC_0,64,128,10.942332,8.474964,2.216083,1.716383,0.000000,0.000000,40.042250,31.013191,15.270018,11.826808,0.000000,0.000000,37.748864,0.000896,,0.000000,81.367056,255480.390244,8.330034,0.604813,237.184000
prob0_cfg2_M256_N2048_K8192_L1_cta64x128x32_s4_atom2x2x1_mnn.ncu-rep,5,kernel_cutlass_kernel_tensorop_gemm_tunableTensorOpGemm_object_at__tensorptrf16gmemalign16odiv81div8div8_tensorptrf16gmemalign16odiv81div8div8_tensorptrf16gmemalign16odiv8div81div8_TiledC_0,64,128,10.941489,8.471864,2.215913,1.715755,0.000000,0.000000,40.039166,31.001847,15.268842,11.822482,0.000000,0.000000,37.748736,0.000896,,0.000000,81.375147,255500.073171,8.332130,0.604766,237.216000
prob0_cfg2_M256_N2048_K8192_L1_cta64x128x32_s4_atom2x2x1_mnn.ncu-rep,6,kernel_cutlass_kernel_tensorop_gemm_tunableTensorOpGemm_object_at__tensorptrf16gmemalign16odiv81div8div8_tensorptrf16gmemalign16odiv81div8div8_tensorptrf16gmemalign16odiv8div81div8_TiledC_0,64,128,10.940930,8.471770,2.215800,1.715736,0.000000,0.000000,40.037121,31.001503,15.268062,11.822350,0.000000,0.000000,37.748736,0.001152,,0.000000,81.356589,255513.121951,8.331559,0.604735,237.184000
prob0_cfg2_M256_N2048_K8192_L1_cta64x128x32_s4_atom2x2x1_mnn.ncu-rep,7,kernel_cutlass_kernel_tensorop_gemm_tunableTensorOpGemm_object_at__tensorptrf16gmemalign16odiv81div8div8_tensorptrf16gmemalign16odiv81div8div8_tensorptrf16gmemalign16odiv8div81div8_TiledC_0,64,128,10.941363,8.473954,2.215887,1.716178,0.000000,0.000000,40.038703,31.009495,15.268666,11.825398,0.000000,0.000000,37.765248,0.042240,,0.000000,81.372136,255503.024390,8.330818,0.604759,237.056000
prob2_cfg3_M2048_N2048_K16384_L1_cta64x128x64_s3_atom2x2x1_mnn.ncu-rep,,,,,%,%,%,%,%,%,%,%,%,%,%,%,Mbyte,Mbyte,,%,%,cycle,%,inst/cycle,msecond
prob2_cfg3_M2048_N2048_K16384_L1_cta64x128x64_s3_atom2x2x1_mnn.ncu-rep,0,void at::native::unrolled_elementwise_kernel<at::native::direct_copy_kernel_cuda,"65,536",128,31.237832,30.966297,8.039148,7.969268,0.000000,0.000000,0.000000,0.000000,16.537676,16.393922,0.000000,0.000000,67.174528,131.108992,,0.000000,66.692339,347955.817073,93.468365,1.626205,0.255776
prob2_cfg3_M2048_N2048_K16384_L1_cta64x128x64_s3_atom2x2x1_mnn.ncu-rep,1,void at::native::unrolled_elementwise_kernel<at::native::direct_copy_kernel_cuda,"65,536",128,31.233403,30.913806,8.038008,7.955759,0.000000,0.000000,0.000000,0.000000,16.535331,16.366133,0.000000,0.000000,67.108992,131.075840,,0.000000,66.692736,348005.158537,93.557578,1.625974,0.255776
prob2_cfg3_M2048_N2048_K16384_L1_cta64x128x64_s3_atom2x2x1_mnn.ncu-rep,2,void cutlass::Kernel<cutlass_80_simt_sgemm_128x256_8x4_nt_align1>,384,256,5.641205,5.277089,81.482371,76.223027,0.000000,0.000000,0.000000,0.000000,39.072870,36.550881,0.000116,0.000108,503.328128,47.190272,,0.995180,84.804534,8086354.329268,16.655455,3.597043,6.201440
prob2_cfg3_M2048_N2048_K16384_L1_cta64x128x64_s3_atom2x2x1_mnn.ncu-rep,3,void at::native::unrolled_elementwise_kernel<at::native::direct_copy_kernel_cuda,"8,192",128,38.596109,36.677367,6.513093,6.189306,0.000000,0.000000,0.000000,0.000000,17.368249,16.504815,0.000000,0.000000,16.777344,5.807616,,14.121066,33.620774,41414.512195,86.688998,1.688580,0.033536
prob2_cfg3_M2048_N2048_K16384_L1_cta64x128x64_s3_atom2x2x1_mnn.ncu-rep,4,kernel_cutlass_kernel_tensorop_gemm_tunableTensorOpGemm_object_at__tensorptrf16gmemalign16odiv81div8div8_tensorptrf16gmemalign16odiv81div8div8_tensorptrf16gmemalign16odiv8div81div8_TiledC_0,512,128,8.816294,7.863713,1.413394,1.260680,0.000000,0.000000,46.009290,41.038088,15.266693,13.617161,0.000000,0.000000,413.523328,8.152320,,0.000000,87.210977,3557545.792683,8.333385,0.433773,2.861696
prob2_cfg3_M2048_N2048_K16384_L1_cta64x128x64_s3_atom2x2x1_mnn.ncu-rep,5,kernel_cutlass_kernel_tensorop_gemm_tunableTensorOpGemm_object_at__tensorptrf16gmemalign16odiv81div8div8_tensorptrf16gmemalign16odiv81div8div8_tensorptrf16gmemalign16odiv8div81div8_TiledC_0,512,128,8.815301,7.863318,1.413235,1.260617,0.000000,0.000000,46.004104,41.036025,15.264973,13.616477,0.000000,0.000000,413.245440,8.123136,,0.000000,87.215665,3557946.829268,8.332312,0.433724,2.861760
prob2_cfg3_M2048_N2048_K16384_L1_cta64x128x64_s3_atom2x2x1_mnn.ncu-rep,6,kernel_cutlass_kernel_tensorop_gemm_tunableTensorOpGemm_object_at__tensorptrf16gmemalign16odiv81div8div8_tensorptrf16gmemalign16odiv81div8div8_tensorptrf16gmemalign16odiv8div81div8_TiledC_0,512,128,8.815420,7.861315,1.413254,1.260296,0.000000,0.000000,46.004725,41.025570,15.265179,13.613007,0.000000,0.000000,413.245568,8.087680,,0.000000,87.207623,3557898.829268,8.332270,0.433730,2.861632
prob2_cfg3_M2048_N2048_K16384_L1_cta64x128x64_s3_atom2x2x1_mnn.ncu-rep,7,kernel_cutlass_kernel_tensorop_gemm_tunableTensorOpGemm_object_at__tensorptrf16gmemalign16odiv81div8div8_tensorptrf16gmemalign16odiv81div8div8_tensorptrf16gmemalign16odiv8div81div8_TiledC_0,512,128,8.816035,7.862464,1.413353,1.260480,0.000000,0.000000,46.007939,41.031571,15.266245,13.614998,0.000000,0.000000,413.479040,8.143360,,0.000000,87.211516,3557650.231707,8.333028,0.433760,2.861376
prob2_cfg4_M2048_N2048_K16384_L1_cta64x128x32_s3_atom2x2x1_mnn.ncu-rep,,,,,%,%,%,%,%,%,%,%,%,%,%,%,Mbyte,Mbyte,,%,%,cycle,%,inst/cycle,msecond
prob2_cfg4_M2048_N2048_K16384_L1_cta64x128x32_s3_atom2x2x1_mnn.ncu-rep,0,void at::native::unrolled_elementwise_kernel<at::native::direct_copy_kernel_cuda,"65,536",128,31.208957,30.958800,8.031717,7.967338,0.000000,0.000000,0.000000,0.000000,16.522389,16.389953,0.000000,0.000000,67.108992,131.085056,,0.000000,66.692037,348277.756098,93.359687,1.624702,0.255360
prob2_cfg4_M2048_N2048_K16384_L1_cta64x128x32_s3_atom2x2x1_mnn.ncu-rep,1,void at::native::unrolled_elementwise_kernel<at::native::direct_copy_kernel_cuda,"65,536",128,31.230405,30.956174,8.037237,7.966662,0.000000,0.000000,0.000000,0.000000,16.533744,16.388563,0.000000,0.000000,67.108992,131.072128,,0.000000,66.692911,348038.560976,93.386128,1.625818,0.255648
prob2_cfg4_M2048_N2048_K16384_L1_cta64x128x32_s3_atom2x2x1_mnn.ncu-rep,2,void cutlass::Kernel<cutlass_80_simt_sgemm_128x256_8x4_nt_align1>,384,256,5.645410,5.282330,81.543131,76.298761,0.000000,0.000000,0.000000,0.000000,39.101994,36.587186,0.000116,0.000108,503.393024,47.241216,,0.994994,84.791738,8080331.402439,16.655235,3.599724,6.200032
prob2_cfg4_M2048_N2048_K16384_L1_cta64x128x32_s3_atom2x2x1_mnn.ncu-rep,3,void at::native::unrolled_elementwise_kernel<at::native::direct_copy_kernel_cuda,"8,192",128,38.598916,36.456465,6.513567,6.152028,0.000000,0.000000,0.000000,0.000000,17.369512,16.405409,0.000000,0.000000,16.777344,5.808256,,14.130631,33.615747,41411.500000,86.573578,1.688703,0.033536
prob2_cfg4_M2048_N2048_K16384_L1_cta64x128x32_s3_atom2x2x1_mnn.ncu-rep,4,kernel_cutlass_kernel_tensorop_gemm_tunableTensorOpGemm_object_at__tensorptrf16gmemalign16odiv81div8div8_tensorptrf16gmemalign16odiv81div8div8_tensorptrf16gmemalign16odiv8div81div8_TiledC_0,512,128,12.164572,10.875837,2.618860,2.341414,0.000000,0.000000,47.602173,42.559121,17.983011,16.077861,0.000000,0.000000,433.725824,8.061952,,0.000000,86.563842,3438501.780488,15.627292,0.691988,2.762464
prob2_cfg4_M2048_N2048_K16384_L1_cta64x128x32_s3_atom2x2x1_mnn.ncu-rep,5,kernel_cutlass_kernel_tensorop_gemm_tunableTensorOpGemm_object_at__tensorptrf16gmemalign16odiv81div8div8_tensorptrf16gmemalign16odiv81div8div8_tensorptrf16gmemalign16odiv8div81div8_TiledC_0,512,128,12.167180,10.873879,2.619422,2.340992,0.000000,0.000000,47.612378,42.551457,17.986866,16.074966,0.000000,0.000000,434.071168,8.061824,,0.000000,86.529055,3437764.743902,15.629408,0.692136,2.761920
prob2_cfg4_M2048_N2048_K16384_L1_cta64x128x32_s3_atom2x2x1_mnn.ncu-rep,6,kernel_cutlass_kernel_tensorop_gemm_tunableTensorOpGemm_object_at__tensorptrf16gmemalign16odiv81div8div8_tensorptrf16gmemalign16odiv81div8div8_tensorptrf16gmemalign16odiv8div81div8_TiledC_0,512,128,12.166923,10.866472,2.619366,2.339398,0.000000,0.000000,47.611372,42.522471,17.986486,16.064016,0.000000,0.000000,433.365632,8.070528,,0.000000,86.561844,3437837.414634,15.627125,0.692122,2.769120
prob2_cfg4_M2048_N2048_K16384_L1_cta64x128x32_s3_atom2x2x1_mnn.ncu-rep,7,kernel_cutlass_kernel_tensorop_gemm_tunableTensorOpGemm_object_at__tensorptrf16gmemalign16odiv81div8div8_tensorptrf16gmemalign16odiv81div8div8_tensorptrf16gmemalign16odiv8div81div8_TiledC_0,512,128,12.164425,10.864118,2.618829,2.338891,0.000000,0.000000,47.601597,42.513262,17.982793,16.060537,0.000000,0.000000,437.495552,8.180992,,0.000000,86.488672,3438543.353659,15.623462,0.691979,2.759520
prob1_cfg0_M256_N8192_K2048_L1_cta64x128x64_s4_atom2x2x1_mnn.ncu-rep,,,,,%,%,%,%,%,%,%,%,%,%,%,%,Mbyte,Mbyte,,%,%,cycle,%,inst/cycle,usecond
prob1_cfg0_M256_N8192_K2048_L1_cta64x128x64_s4_atom2x2x1_mnn.ncu-rep,0,void at::native::unrolled_elementwise_kernel<at::native::direct_copy_kernel_cuda,"1,024",128,30.073941,16.597977,7.739617,4.271538,0.000000,0.000000,0.000000,0.000000,15.921498,8.787164,0.000000,0.000000,1.048704,0.000000,,0.000000,67.755247,5647.219512,71.327780,1.565614,8.256000
prob1_cfg0_M256_N8192_K2048_L1_cta64x128x64_s4_atom2x2x1_mnn.ncu-rep,1,void at::native::unrolled_elementwise_kernel<at::native::direct_copy_kernel_cuda,"32,768",128,31.034474,30.584929,7.986813,7.871121,0.000000,0.000000,0.000000,0.000000,16.430015,16.192021,0.000000,0.000000,33.554560,63.946496,,0.000000,66.710649,175117.926829,92.432045,1.615618,130.080000
prob1_cfg0_M256_N8192_K2048_L1_cta64x128x64_s4_atom2x2x1_mnn.ncu-rep,2,void cutlass::Kernel<cutlass_80_simt_sgemm_128x64_8x5_nt_align1>,512,128,12.767125,11.271801,70.166454,61.948346,0.000000,0.000000,0.000000,0.000000,51.500329,45.468454,0.002127,0.001878,90.976640,15.211392,,7.951294,77.740910,587044.317073,16.241461,3.421283,479.264000
prob1_cfg0_M256_N8192_K2048_L1_cta64x128x64_s4_atom2x2x1_mnn.ncu-rep,3,void at::native::unrolled_elementwise_kernel<at::native::direct_copy_kernel_cuda,"4,096",128,38.325572,33.171297,6.467440,5.597656,0.000000,0.000000,0.000000,0.000000,17.246507,14.927083,0.000000,0.000000,8.388736,1.726208,,14.165523,33.901032,20853.426829,81.229120,1.676744,18.944000
prob1_cfg0_M256_N8192_K2048_L1_cta64x128x64_s4_atom2x2x1_mnn.ncu-rep,4,kernel_cutlass_kernel_tensorop_gemm_tunableTensorOpGemm_object_at__tensorptrf16gmemalign16odiv81div8div8_tensorptrf16gmemalign16odiv81div8div8_tensorptrf16gmemalign16odiv8div81div8_TiledC_0,256,128,9.284313,7.273587,1.473080,1.154051,0.000000,0.000000,42.716704,33.465446,15.539035,12.173710,0.000000,0.000000,47.274880,3.030528,,0.000000,77.040427,239485.000000,8.329170,0.441663,219.424000
prob1_cfg0_M256_N8192_K2048_L1_cta64x128x64_s4_atom2x2x1_mnn.ncu-rep,5,kernel_cutlass_kernel_tensorop_gemm_tunableTensorOpGemm_object_at__tensorptrf16gmemalign16odiv81div8div8_tensorptrf16gmemalign16odiv81div8div8_tensorptrf16gmemalign16odiv8div81div8_TiledC_0,256,128,9.289662,7.304683,1.473928,1.158985,0.000000,0.000000,42.741313,33.608515,15.547987,12.225754,0.000000,0.000000,47.309056,2.946176,,0.000000,76.993958,239347.109756,8.341147,0.441918,219.424000
prob1_cfg0_M256_N8192_K2048_L1_cta64x128x64_s4_atom2x2x1_mnn.ncu-rep,6,kernel_cutlass_kernel_tensorop_gemm_tunableTensorOpGemm_object_at__tensorptrf16gmemalign16odiv81div8div8_tensorptrf16gmemalign16odiv81div8div8_tensorptrf16gmemalign16odiv8div81div8_TiledC_0,256,128,9.266887,7.295122,1.470315,1.157468,0.000000,0.000000,42.636530,33.564526,15.509870,12.209752,0.000000,0.000000,47.308288,2.956032,,0.000000,76.998440,239935.329268,8.327957,0.440834,219.936000
prob1_cfg0_M256_N8192_K2048_L1_cta64x128x64_s4_atom2x2x1_mnn.ncu-rep,7,kernel_cutlass_kernel_tensorop_gemm_tunableTensorOpGemm_object_at__tensorptrf16gmemalign16odiv81div8div8_tensorptrf16gmemalign16odiv81div8div8_tensorptrf16gmemalign16odiv8div81div8_TiledC_0,256,128,9.272233,7.294626,1.471163,1.157389,0.000000,0.000000,42.661123,33.562243,15.518817,12.208921,0.000000,0.000000,47.303552,2.948736,,0.000000,76.995576,239797.012195,8.320191,0.441089,219.360000
prob4_cfg4_M4096_N4096_K4096_L1_cta64x128x32_s3_atom2x2x1_mnn.ncu-rep,,,,,%,%,%,%,%,%,%,%,%,%,%,%,Mbyte,Mbyte,,%,%,cycle,%,inst/cycle,msecond
prob4_cfg4_M4096_N4096_K4096_L1_cta64x128x32_s3_atom2x2x1_mnn.ncu-rep,0,void at::native::unrolled_elementwise_kernel<at::native::direct_copy_kernel_cuda,"32,768",128,30.957443,30.560171,7.966989,7.864750,0.000000,0.000000,0.000000,0.000000,16.389234,16.178914,0.000000,0.000000,33.554560,63.953536,,0.000000,66.695546,175553.670732,92.246563,1.611608,0.130400
prob4_cfg4_M4096_N4096_K4096_L1_cta64x128x32_s3_atom2x2x1_mnn.ncu-rep,1,void at::native::unrolled_elementwise_kernel<at::native::direct_copy_kernel_cuda,"32,768",128,30.985185,30.633717,7.974129,7.883677,0.000000,0.000000,0.000000,0.000000,16.403922,16.217850,0.000000,0.000000,33.562752,63.974784,,0.000000,66.710649,175396.487805,92.261855,1.613052,0.130304
prob4_cfg4_M4096_N4096_K4096_L1_cta64x128x32_s3_atom2x2x1_mnn.ncu-rep,2,void cutlass::Kernel<cutlass_80_simt_sgemm_128x256_8x4_nt_align1>,"1,024",256,5.938668,5.699039,79.947937,76.721994,0.000000,0.000000,0.000000,0.000000,39.054407,37.478540,0.000303,0.000291,522.814208,131.135488,,1.917196,84.754565,8247480.268293,16.614394,3.542740,6.171584
prob4_cfg4_M4096_N4096_K4096_L1_cta64x128x32_s3_atom2x2x1_mnn.ncu-rep,3,void at::native::unrolled_elementwise_kernel<at::native::direct_copy_kernel_cuda,"32,768",128,38.394343,37.799114,6.479045,6.378600,0.000000,0.000000,0.000000,0.000000,17.277454,17.009601,0.000000,0.000000,67.108992,31.019648,,14.041556,33.408324,166528.597561,91.092344,1.679753,0.123712
prob4_cfg4_M4096_N4096_K4096_L1_cta64x128x32_s3_atom2x2x1_mnn.ncu-rep,4,kernel_cutlass_kernel_tensorop_gemm_tunableTensorOpGemm_object_at__tensorptrf16gmemalign16odiv81div8div8_tensorptrf16gmemalign16odiv81div8div8_tensorptrf16gmemalign16odiv8div81div8_TiledC_0,"2,048",128,12.525184,12.486008,2.692878,2.684455,0.000000,0.000000,48.087315,47.936907,18.566916,18.508843,0.000000,0.000000,377.452032,32.226560,,0.000000,88.406537,3403811.524390,16.385892,0.711125,2.450784
prob4_cfg4_M4096_N4096_K4096_L1_cta64x128x32_s3_atom2x2x1_mnn.ncu-rep,5,kernel_cutlass_kernel_tensorop_gemm_tunableTensorOpGemm_object_at__tensorptrf16gmemalign16odiv81div8div8_tensorptrf16gmemalign16odiv81div8div8_tensorptrf16gmemalign16odiv8div81div8_TiledC_0,"2,048",128,12.525195,12.486686,2.692880,2.684601,0.000000,0.000000,48.087355,47.939510,18.566932,18.509847,0.000000,0.000000,377.374080,32.233984,,0.000000,88.420633,3403808.670732,16.381796,0.711126,2.451328
prob4_cfg4_M4096_N4096_K4096_L1_cta64x128x32_s3_atom2x2x1_mnn.ncu-rep,6,kernel_cutlass_kernel_tensorop_gemm_tunableTensorOpGemm_object_at__tensorptrf16gmemalign16odiv81div8div8_tensorptrf16gmemalign16odiv81div8div8_tensorptrf16gmemalign16odiv8div81div8_TiledC_0,"2,048",128,12.525699,12.479477,2.692989,2.683051,0.000000,0.000000,48.089290,47.911834,18.567679,18.499161,0.000000,0.000000,377.358464,32.235392,,0.000000,88.418561,3403671.682927,16.382651,0.711154,2.449888
prob4_cfg4_M4096_N4096_K4096_L1_cta64x128x32_s3_atom2x2x1_mnn.ncu-rep,7,kernel_cutlass_kernel_tensorop_gemm_tunableTensorOpGemm_object_at__tensorptrf16gmemalign16odiv81div8div8_tensorptrf16gmemalign16odiv81div8div8_tensorptrf16gmemalign16odiv8div81div8_TiledC_0,"2,048",128,12.528059,12.485905,2.693496,2.684433,0.000000,0.000000,48.098354,47.936514,18.571178,18.508691,0.000000,0.000000,377.373696,32.242816,,0.000000,88.408273,3403030.292683,16.385837,0.711288,2.450080
prob3_cfg2_M4096_N128_K4096_L1_cta64x128x32_s4_atom2x2x1_mnn.ncu-rep,,,,,%,%,%,%,%,%,%,%,%,%,%,%,Mbyte,Mbyte,,%,%,cycle,%,inst/cycle,usecond
prob3_cfg2_M4096_N128_K4096_L1_cta64x128x32_s4_atom2x2x1_mnn.ncu-rep,0,void at::native::unrolled_elementwise_kernel<at::native::direct_copy_kernel_cuda,"32,768",128,31.044572,30.546945,7.989412,7.861346,0.000000,0.000000,0.000000,0.000000,16.435362,16.171912,0.000000,0.000000,33.554560,63.961984,,0.000000,66.711030,175060.963415,92.321184,1.616144,130.976000
prob3_cfg2_M4096_N128_K4096_L1_cta64x128x32_s4_atom2x2x1_mnn.ncu-rep,1,void at::native::unrolled_elementwise_kernel<at::native::direct_copy_kernel_cuda,"1,024",128,29.474237,17.070683,7.585282,4.393191,0.000000,0.000000,0.000000,0.000000,15.604008,9.037421,0.000000,0.000000,1.048704,0.000000,,0.000000,67.734124,5762.121951,69.900764,1.534394,8.224000
prob3_cfg2_M4096_N128_K4096_L1_cta64x128x32_s4_atom2x2x1_mnn.ncu-rep,2,void cutlass::Kernel<cutlass_80_simt_sgemm_128x256_8x4_nt_align1>,64,256,6.304820,4.623337,74.981276,54.983920,0.000000,0.000000,0.000000,0.000000,38.078924,27.923352,0.000567,0.000416,69.255296,0.066688,,5.424773,40.167417,275258.341463,16.646542,3.351881,272.896000
prob3_cfg2_M4096_N128_K4096_L1_cta64x128x32_s4_atom2x2x1_mnn.ncu-rep,3,void at::native::unrolled_elementwise_kernel<at::native::direct_copy_kernel_cuda,"1,024",128,32.072790,19.857468,5.412283,3.350948,0.000000,0.000000,0.000000,0.000000,14.432756,8.935861,0.000000,0.000000,2.097280,0.000000,,14.362244,35.500517,6229.731707,72.110079,1.403185,7.840000
prob3_cfg2_M4096_N128_K4096_L1_cta64x128x32_s4_atom2x2x1_mnn.ncu-rep,4,kernel_cutlass_kernel_tensorop_gemm_tunableTensorOpGemm_object_at__tensorptrf16gmemalign16odiv81div8div8_tensorptrf16gmemalign16odiv81div8div8_tensorptrf16gmemalign16odiv8div81div8_TiledC_0,64,128,10.906065,8.384422,2.204762,1.694989,0.000000,0.000000,39.370929,30.267791,15.263925,11.734681,0.000000,0.000000,34.603008,0.001024,,0.000000,66.027583,129918.317073,8.329743,0.601858,121.632000
prob3_cfg2_M4096_N128_K4096_L1_cta64x128x32_s4_atom2x2x1_mnn.ncu-rep,5,kernel_cutlass_kernel_tensorop_gemm_tunableTensorOpGemm_object_at__tensorptrf16gmemalign16odiv81div8div8_tensorptrf16gmemalign16odiv81div8div8_tensorptrf16gmemalign16odiv8div81div8_TiledC_0,64,128,10.890014,8.355638,2.201518,1.689170,0.000000,0.000000,39.312986,30.163881,15.241460,11.694395,0.000000,0.000000,34.603008,0.000896,,0.000000,66.027488,130109.804878,8.332942,0.600972,121.920000
prob3_cfg2_M4096_N128_K4096_L1_cta64x128x32_s4_atom2x2x1_mnn.ncu-rep,6,kernel_cutlass_kernel_tensorop_gemm_tunableTensorOpGemm_object_at__tensorptrf16gmemalign16odiv81div8div8_tensorptrf16gmemalign16odiv81div8div8_tensorptrf16gmemalign16odiv8div81div8_TiledC_0,64,128,10.879617,8.358733,2.199416,1.689796,0.000000,0.000000,39.275455,30.175053,15.226910,11.698727,0.000000,0.000000,34.603136,0.001152,,0.000000,66.027394,130234.134146,8.323896,0.600399,122.016000
prob3_cfg2_M4096_N128_K4096_L1_cta64x128x32_s4_atom2x2x1_mnn.ncu-rep,7,kernel_cutlass_kernel_tensorop_gemm_tunableTensorOpGemm_object_at__tensorptrf16gmemalign16odiv81div8div8_tensorptrf16gmemalign16odiv81div8div8_tensorptrf16gmemalign16odiv8div81div8_TiledC_0,64,128,10.892310,8.364729,2.201982,1.691008,0.000000,0.000000,39.321274,30.196699,15.244674,11.707119,0.000000,0.000000,34.603008,0.000896,,0.000000,66.028368,130082.378049,8.329643,0.601099,121.792000
prob0_cfg1_M256_N2048_K8192_L1_cta128x128x16_s3_atom2x2x1_mnn.ncu-rep,,,,,%,%,%,%,%,%,%,%,%,%,%,%,Mbyte,Mbyte,,%,%,cycle,%,inst/cycle,usecond
prob0_cfg1_M256_N2048_K8192_L1_cta128x128x16_s3_atom2x2x1_mnn.ncu-rep,0,void at::native::unrolled_elementwise_kernel<at::native::direct_copy_kernel_cuda,"4,096",128,30.097274,26.220742,7.745622,6.747985,0.000000,0.000000,0.000000,0.000000,15.933851,13.881569,0.000000,0.000000,4.194432,5.300352,,0.000000,66.959217,22571.365854,79.710007,1.566829,20.256000
prob0_cfg1_M256_N2048_K8192_L1_cta128x128x16_s3_atom2x2x1_mnn.ncu-rep,1,void at::native::unrolled_elementwise_kernel<at::native::direct_copy_kernel_cuda,"32,768",128,31.024950,30.528116,7.984362,7.856500,0.000000,0.000000,0.000000,0.000000,16.424973,16.161944,0.000000,0.000000,33.566848,63.975936,,0.000000,66.710394,175171.682927,92.506585,1.615122,130.400000
prob0_cfg1_M256_N2048_K8192_L1_cta128x128x16_s3_atom2x2x1_mnn.ncu-rep,2,void cutlass::Kernel<cutlass_80_simt_sgemm_128x64_8x5_nt_align1>,704,128,13.164008,11.464464,68.857090,59.967268,0.000000,0.000000,0.000000,0.000000,51.718406,45.041281,0.002852,0.002484,95.574528,8.224128,,8.333416,77.634846,602052.390244,16.411424,3.380619,498.016000
prob0_cfg1_M256_N2048_K8192_L1_cta128x128x16_s3_atom2x2x1_mnn.ncu-rep,3,void at::native::unrolled_elementwise_kernel<at::native::direct_copy_kernel_cuda,"1,024",128,31.741726,19.935269,5.356416,3.364077,0.000000,0.000000,0.000000,0.000000,14.283777,8.970871,0.000000,0.000000,2.097280,0.000000,,14.409726,35.399578,6294.707317,69.921002,1.388701,7.936000
prob0_cfg1_M256_N2048_K8192_L1_cta128x128x16_s3_atom2x2x1_mnn.ncu-rep,4,kernel_cutlass_kernel_tensorop_gemm_tunableTensorOpGemm_object_at__tensorptrf16gmemalign16odiv81div8div8_tensorptrf16gmemalign16odiv81div8div8_tensorptrf16gmemalign16odiv8div81div8_TiledC_0,32,128,11.035789,4.285924,1.754828,0.681515,0.000000,0.000000,46.650204,18.117347,13.295479,5.163510,0.000000,0.000000,37.748864,0.001024,,0.000000,72.155354,219291.853659,8.332954,0.489401,404.896000
prob0_cfg1_M256_N2048_K8192_L1_cta128x128x16_s3_atom2x2x1_mnn.ncu-rep,5,kernel_cutlass_kernel_tensorop_gemm_tunableTensorOpGemm_object_at__tensorptrf16gmemalign16odiv81div8div8_tensorptrf16gmemalign16odiv81div8div8_tensorptrf16gmemalign16odiv8div81div8_TiledC_0,32,128,11.037306,4.289115,1.755069,0.682023,0.000000,0.000000,46.656618,18.130839,13.297307,5.167356,0.000000,0.000000,37.777408,0.017408,,0.000000,72.142066,219261.707317,8.331873,0.489469,404.896000
prob0_cfg1_M256_N2048_K8192_L1_cta128x128x16_s3_atom2x2x1_mnn.ncu-rep,6,kernel_cutlass_kernel_tensorop_gemm_tunableTensorOpGemm_object_at__tensorptrf16gmemalign16odiv81div8div8_tensorptrf16gmemalign16odiv81div8div8_tensorptrf16gmemalign16odiv8div81div8_TiledC_0,32,128,11.036289,4.289219,1.754908,0.682039,0.000000,0.000000,46.652319,18.131279,13.296082,5.167481,0.000000,0.000000,37.748736,0.042112,,0.000000,72.155117,219281.914634,8.331969,0.489424,404.960000
prob0_cfg1_M256_N2048_K8192_L1_cta128x128x16_s3_atom2x2x1_mnn.ncu-rep,7,kernel_cutlass_kernel_tensorop_gemm_tunableTensorOpGemm_object_at__tensorptrf16gmemalign16odiv81div8div8_tensorptrf16gmemalign16odiv81div8div8_tensorptrf16gmemalign16odiv8div81div8_TiledC_0,32,128,11.038254,4.288718,1.755220,0.681960,0.000000,0.000000,46.660628,18.129161,13.298450,5.166877,0.000000,0.000000,37.748736,0.001024,,0.000000,72.150798,219242.865854,8.333502,0.489511,404.864000
prob0_cfg4_M256_N2048_K8192_L1_cta64x128x32_s3_atom2x2x1_mnn.ncu-rep,,,,,%,%,%,%,%,%,%,%,%,%,%,%,Mbyte,Mbyte,,%,%,cycle,%,inst/cycle,usecond
prob0_cfg4_M256_N2048_K8192_L1_cta64x128x32_s3_atom2x2x1_mnn.ncu-rep,0,void at::native::unrolled_elementwise_kernel<at::native::direct_copy_kernel_cuda,"4,096",128,30.241960,26.108663,7.782857,6.719141,0.000000,0.000000,0.000000,0.000000,16.010450,13.822233,0.000000,0.000000,4.194432,5.296384,,0.000000,66.960478,22463.378049,80.673978,1.574361,20.320000
prob0_cfg4_M256_N2048_K8192_L1_cta64x128x32_s3_atom2x2x1_mnn.ncu-rep,1,void at::native::unrolled_elementwise_kernel<at::native::direct_copy_kernel_cuda,"32,768",128,31.050029,30.522667,7.990816,7.855098,0.000000,0.000000,0.000000,0.000000,16.438251,16.159059,0.000000,0.000000,33.554560,63.967872,,0.000000,66.713761,175030.195122,92.302779,1.616428,130.208000
prob0_cfg4_M256_N2048_K8192_L1_cta64x128x32_s3_atom2x2x1_mnn.ncu-rep,2,void cutlass::Kernel<cutlass_80_simt_sgemm_128x64_8x5_nt_align1>,704,128,13.177030,11.469404,68.924378,59.992390,0.000000,0.000000,0.000000,0.000000,51.771346,45.062239,0.002855,0.002485,95.558656,8.182272,,8.288359,77.506836,601465.585366,16.408686,3.384004,498.368000
prob0_cfg4_M256_N2048_K8192_L1_cta64x128x32_s3_atom2x2x1_mnn.ncu-rep,3,void at::native::unrolled_elementwise_kernel<at::native::direct_copy_kernel_cuda,"1,024",128,31.635207,19.940073,5.338441,3.364887,0.000000,0.000000,0.000000,0.000000,14.235843,8.973033,0.000000,0.000000,2.097280,0.000000,,14.458297,35.482632,6315.902439,69.463062,1.384040,8.000000
prob0_cfg4_M256_N2048_K8192_L1_cta64x128x32_s3_atom2x2x1_mnn.ncu-rep,4,kernel_cutlass_kernel_tensorop_gemm_tunableTensorOpGemm_object_at__tensorptrf16gmemalign16odiv81div8div8_tensorptrf16gmemalign16odiv81div8div8_tensorptrf16gmemalign16odiv8div81div8_TiledC_0,64,128,10.245613,7.934195,2.204737,1.707347,0.000000,0.000000,39.837228,30.849921,15.160224,11.740067,0.000000,0.000000,37.748864,0.000896,,0.000000,81.372104,256795.219512,8.330403,0.582447,238.048000
prob0_cfg4_M256_N2048_K8192_L1_cta64x128x32_s3_atom2x2x1_mnn.ncu-rep,5,kernel_cutlass_kernel_tensorop_gemm_tunableTensorOpGemm_object_at__tensorptrf16gmemalign16odiv81div8div8_tensorptrf16gmemalign16odiv81div8div8_tensorptrf16gmemalign16odiv8div81div8_TiledC_0,64,128,10.242682,7.930324,2.204106,1.706514,0.000000,0.000000,39.825831,30.834870,15.155887,11.734339,0.000000,0.000000,37.748864,0.000896,,0.000000,81.354738,256868.707317,8.329390,0.582280,238.272000
prob0_cfg4_M256_N2048_K8192_L1_cta64x128x32_s3_atom2x2x1_mnn.ncu-rep,6,kernel_cutlass_kernel_tensorop_gemm_tunableTensorOpGemm_object_at__tensorptrf16gmemalign16odiv81div8div8_tensorptrf16gmemalign16odiv81div8div8_tensorptrf16gmemalign16odiv8div81div8_TiledC_0,64,128,10.242769,7.929771,2.204125,1.706395,0.000000,0.000000,39.826170,30.832719,15.156016,11.733521,0.000000,0.000000,37.748864,0.001024,,0.000000,81.372089,256866.524390,8.330961,0.582285,238.432000
prob0_cfg4_M256_N2048_K8192_L1_cta64x128x32_s3_atom2x2x1_mnn.ncu-rep,7,kernel_cutlass_kernel_tensorop_gemm_tunableTensorOpGemm_object_at__tensorptrf16gmemalign16odiv81div8div8_tensorptrf16gmemalign16odiv81div8div8_tensorptrf16gmemalign16odiv8div81div8_TiledC_0,64,128,10.243418,7.933704,2.204265,1.707241,0.000000,0.000000,39.828696,30.848012,15.156977,11.739341,0.000000,0.000000,37.748736,0.001152,,0.000000,81.373843,256850.231707,8.332260,0.582322,238.304000
prob1_cfg2_M256_N8192_K2048_L1_cta64x128x32_s4_atom2x2x1_mnn.ncu-rep,,,,,%,%,%,%,%,%,%,%,%,%,%,%,Mbyte,Mbyte,,%,%,cycle,%,inst/cycle,usecond
prob1_cfg2_M256_N8192_K2048_L1_cta64x128x32_s4_atom2x2x1_mnn.ncu-rep,0,void at::native::unrolled_elementwise_kernel<at::native::direct_copy_kernel_cuda,"1,024",128,29.549785,17.177266,7.604724,4.420620,0.000000,0.000000,0.000000,0.000000,15.644004,9.093847,0.000000,0.000000,1.048704,0.000000,,0.000000,67.750259,5747.390244,69.522876,1.538327,8.224000
prob1_cfg2_M256_N8192_K2048_L1_cta64x128x32_s4_atom2x2x1_mnn.ncu-rep,1,void at::native::unrolled_elementwise_kernel<at::native::direct_copy_kernel_cuda,"32,768",128,31.013125,30.449358,7.981319,7.836232,0.000000,0.000000,0.000000,0.000000,16.418713,16.120248,0.000000,0.000000,33.554560,63.977728,,0.000000,66.711315,175238.475610,92.204838,1.614507,130.144000
prob1_cfg2_M256_N8192_K2048_L1_cta64x128x32_s4_atom2x2x1_mnn.ncu-rep,2,void cutlass::Kernel<cutlass_80_simt_sgemm_128x64_8x5_nt_align1>,512,128,12.760260,10.068223,70.128311,55.333314,0.000000,0.000000,0.000000,0.000000,51.472635,40.613433,0.002126,0.001678,90.963072,15.233280,,8.343490,76.958227,587360.170732,16.221840,3.419443,478.656000
prob1_cfg2_M256_N8192_K2048_L1_cta64x128x32_s4_atom2x2x1_mnn.ncu-rep,3,void at::native::unrolled_elementwise_kernel<at::native::direct_copy_kernel_cuda,"4,096",128,38.596814,33.725223,6.513212,5.691131,0.000000,0.000000,0.000000,0.000000,17.368566,15.176350,0.000000,0.000000,8.388736,1.710080,,14.213727,33.901537,20706.878049,81.067492,1.688611,18.912000
prob1_cfg2_M256_N8192_K2048_L1_cta64x128x32_s4_atom2x2x1_mnn.ncu-rep,4,kernel_cutlass_kernel_tensorop_gemm_tunableTensorOpGemm_object_at__tensorptrf16gmemalign16odiv81div8div8_tensorptrf16gmemalign16odiv81div8div8_tensorptrf16gmemalign16odiv8div81div8_TiledC_0,256,128,12.847470,10.159005,2.588237,2.046622,0.000000,0.000000,45.160468,35.710178,18.081828,14.298021,0.000000,0.000000,43.484288,2.744576,,0.000000,78.840880,226525.768293,14.421466,0.706845,206.624000
prob1_cfg2_M256_N8192_K2048_L1_cta64x128x32_s4_atom2x2x1_mnn.ncu-rep,5,kernel_cutlass_kernel_tensorop_gemm_tunableTensorOpGemm_object_at__tensorptrf16gmemalign16odiv81div8div8_tensorptrf16gmemalign16odiv81div8div8_tensorptrf16gmemalign16odiv8div81div8_TiledC_0,256,128,12.846425,10.193776,2.588027,2.053627,0.000000,0.000000,45.156797,35.832401,18.080358,14.346957,0.000000,0.000000,43.673600,2.773632,,0.000000,78.792482,226544.182927,14.403289,0.706788,206.528000
prob1_cfg2_M256_N8192_K2048_L1_cta64x128x32_s4_atom2x2x1_mnn.ncu-rep,6,kernel_cutlass_kernel_tensorop_gemm_tunableTensorOpGemm_object_at__tensorptrf16gmemalign16odiv81div8div8_tensorptrf16gmemalign16odiv81div8div8_tensorptrf16gmemalign16odiv8div81div8_TiledC_0,256,128,12.853595,10.181882,2.589471,2.051231,0.000000,0.000000,45.182000,35.790594,18.090449,14.330218,0.000000,0.000000,43.596288,2.772736,,0.000000,78.760782,226417.817073,14.419912,0.707182,205.984000
prob1_cfg2_M256_N8192_K2048_L1_cta64x128x32_s4_atom2x2x1_mnn.ncu-rep,7,kernel_cutlass_kernel_tensorop_gemm_tunableTensorOpGemm_object_at__tensorptrf16gmemalign16odiv81div8div8_tensorptrf16gmemalign16odiv81div8div8_tensorptrf16gmemalign16odiv8div81div8_TiledC_0,256,128,12.848046,10.160311,2.588353,2.046885,0.000000,0.000000,45.162494,35.714767,18.082639,14.299858,0.000000,0.000000,43.582336,2.799104,,0.000000,78.781308,226515.609756,14.411392,0.706877,206.176000
prob0_cfg0_M256_N2048_K8192_L1_cta64x128x64_s4_atom2x2x1_mnn.ncu-rep,,,,,%,%,%,%,%,%,%,%,%,%,%,%,Mbyte,Mbyte,,%,%,cycle,%,inst/cycle,usecond
prob0_cfg0_M256_N2048_K8192_L1_cta64x128x64_s4_atom2x2x1_mnn.ncu-rep,0,void at::native::unrolled_elementwise_kernel<at::native::direct_copy_kernel_cuda,"4,096",128,30.065468,26.604567,7.737437,6.846764,0.000000,0.000000,0.000000,0.000000,15.917013,14.084771,0.000000,0.000000,4.194432,5.296256,,0.000000,67.024284,22595.243902,79.534425,1.565173,19.968000
prob0_cfg0_M256_N2048_K8192_L1_cta64x128x64_s4_atom2x2x1_mnn.ncu-rep,1,void at::native::unrolled_elementwise_kernel<at::native::direct_copy_kernel_cuda,"32,768",128,31.052422,30.575973,7.991432,7.868816,0.000000,0.000000,0.000000,0.000000,16.439518,16.187280,0.000000,0.000000,33.554560,63.956480,,0.000000,66.710013,175016.707317,92.517422,1.616553,129.984000
prob0_cfg0_M256_N2048_K8192_L1_cta64x128x64_s4_atom2x2x1_mnn.ncu-rep,2,void cutlass::Kernel<cutlass_80_simt_sgemm_128x64_8x5_nt_align1>,704,128,13.177801,11.479301,68.929237,60.044879,0.000000,0.000000,0.000000,0.000000,51.772333,45.099345,0.002855,0.002487,95.480064,8.133632,,8.569101,77.786964,601433.207317,16.391522,3.384121,498.048000
prob0_cfg0_M256_N2048_K8192_L1_cta64x128x64_s4_atom2x2x1_mnn.ncu-rep,3,void at::native::unrolled_elementwise_kernel<at::native::direct_copy_kernel_cuda,"1,024",128,31.328158,19.992971,5.286627,3.373814,0.000000,0.000000,0.000000,0.000000,14.097671,8.996837,0.000000,0.000000,2.097280,0.000000,,14.533027,35.486571,6377.804878,70.519829,1.370607,8.000000
prob0_cfg0_M256_N2048_K8192_L1_cta64x128x64_s4_atom2x2x1_mnn.ncu-rep,4,kernel_cutlass_kernel_tensorop_gemm_tunableTensorOpGemm_object_at__tensorptrf16gmemalign16odiv81div8div8_tensorptrf16gmemalign16odiv81div8div8_tensorptrf16gmemalign16odiv8div81div8_TiledC_0,64,128,9.182115,7.094491,1.421957,1.098664,0.000000,0.000000,45.391798,35.071628,15.298676,11.820406,0.000000,0.000000,37.748736,0.001024,,0.000000,81.342219,225371.329268,8.331590,0.440481,209.728000
prob0_cfg0_M256_N2048_K8192_L1_cta64x128x64_s4_atom2x2x1_mnn.ncu-rep,5,kernel_cutlass_kernel_tensorop_gemm_tunableTensorOpGemm_object_at__tensorptrf16gmemalign16odiv81div8div8_tensorptrf16gmemalign16odiv81div8div8_tensorptrf16gmemalign16odiv8div81div8_TiledC_0,64,128,9.184639,7.093229,1.422348,1.098469,0.000000,0.000000,45.404276,35.065388,15.302882,11.818303,0.000000,0.000000,37.748736,0.000768,,0.000000,81.369924,225309.390244,8.332948,0.440602,209.696000
prob0_cfg0_M256_N2048_K8192_L1_cta64x128x64_s4_atom2x2x1_mnn.ncu-rep,6,kernel_cutlass_kernel_tensorop_gemm_tunableTensorOpGemm_object_at__tensorptrf16gmemalign16odiv81div8div8_tensorptrf16gmemalign16odiv81div8div8_tensorptrf16gmemalign16odiv8div81div8_TiledC_0,64,128,9.181265,7.095950,1.421825,1.098890,0.000000,0.000000,45.387598,35.078841,15.297260,11.822837,0.000000,0.000000,37.813760,0.046208,,0.000000,81.375882,225392.182927,8.331409,0.440440,209.824000
prob0_cfg0_M256_N2048_K8192_L1_cta64x128x64_s4_atom2x2x1_mnn.ncu-rep,7,kernel_cutlass_kernel_tensorop_gemm_tunableTensorOpGemm_object_at__tensorptrf16gmemalign16odiv81div8div8_tensorptrf16gmemalign16odiv81div8div8_tensorptrf16gmemalign16odiv8div81div8_TiledC_0,64,128,9.182879,7.085182,1.422075,1.097223,0.000000,0.000000,45.395576,35.025608,15.299949,11.804896,0.000000,0.000000,37.748864,0.001152,,0.000000,81.350207,225352.573171,8.334617,0.440518,210.048000
