Kernel_Type,Profile_File,M,N,K,L,Kernel_Config,Kernel_Name,Kernel_ID,Grid_Size,Block_Size,Theoretical_Occupancy_Warps,Theoretical_Occupancy_Blocks,Achieved_Occupancy_%,GPU_Utilization_%,Registers_Per_Thread,Shared_Memory_Bytes,Instructions_Executed,Instructions_Per_Cycle,SM_Throughput_%,Duration_ns
CuTe_DSL,prob0_cfg0_M256_N2048_K8192_L1_cta64x128x64_s4_atom2x2x1_mnn.ncu-rep,256,2048,8192,1,cta64x128x64_s4,void cutlass::Kernel<cutlass_80_simt_sgemm_128x64_8x5_nt_align1>(T1::Params),2,704,128,12.000000,16.000000,16.402715,40.74,172.000000,31.744000,,3.382516,73.675269,498.016000
CuTe_DSL,prob0_cfg1_M256_N2048_K8192_L1_cta128x128x16_s3_atom2x2x1_mnn.ncu-rep,256,2048,8192,1,cta128x128x16_s3,void cutlass::Kernel<cutlass_80_simt_sgemm_128x64_8x5_nt_align1>(T1::Params),2,704,128,12.000000,16.000000,16.446790,40.74,172.000000,31.744000,,3.383039,73.697459,498.336000
CuTe_DSL,prob0_cfg2_M256_N2048_K8192_L1_cta64x128x32_s4_atom2x2x1_mnn.ncu-rep,256,2048,8192,1,cta64x128x32_s4,void cutlass::Kernel<cutlass_80_simt_sgemm_128x64_8x5_nt_align1>(T1::Params),2,704,128,12.000000,16.000000,16.403443,40.74,172.000000,31.744000,,3.382235,73.563098,498.176000
CuTe_DSL,prob0_cfg3_M256_N2048_K8192_L1_cta64x128x64_s3_atom2x2x1_mnn.ncu-rep,256,2048,8192,1,cta64x128x64_s3,void cutlass::Kernel<cutlass_80_simt_sgemm_128x64_8x5_nt_align1>(T1::Params),2,704,128,12.000000,16.000000,16.404018,40.74,172.000000,31.744000,,3.382633,73.670142,498.432000
CuTe_DSL,prob0_cfg4_M256_N2048_K8192_L1_cta64x128x32_s3_atom2x2x1_mnn.ncu-rep,256,2048,8192,1,cta64x128x32_s3,void cutlass::Kernel<cutlass_80_simt_sgemm_128x64_8x5_nt_align1>(T1::Params),2,704,128,12.000000,16.000000,16.430817,40.74,172.000000,31.744000,,3.380393,73.644544,498.176000
CuTe_DSL,prob1_cfg0_M256_N8192_K2048_L1_cta64x128x64_s4_atom2x2x1_mnn.ncu-rep,256,8192,2048,1,cta64x128x64_s4,void cutlass::Kernel<cutlass_80_simt_sgemm_128x64_8x5_nt_align1>(T1::Params),2,512,128,12.000000,16.000000,16.235641,29.63,172.000000,31.744000,,3.421529,75.524196,478.304000
CuTe_DSL,prob1_cfg1_M256_N8192_K2048_L1_cta128x128x16_s3_atom2x2x1_mnn.ncu-rep,256,8192,2048,1,cta128x128x16_s3,void cutlass::Kernel<cutlass_80_simt_sgemm_128x64_8x5_nt_align1>(T1::Params),2,512,128,12.000000,16.000000,16.268248,29.63,172.000000,31.744000,,3.422400,75.534155,478.496000
CuTe_DSL,prob1_cfg2_M256_N8192_K2048_L1_cta64x128x32_s4_atom2x2x1_mnn.ncu-rep,256,8192,2048,1,cta64x128x32_s4,void cutlass::Kernel<cutlass_80_simt_sgemm_128x64_8x5_nt_align1>(T1::Params),2,512,128,12.000000,16.000000,16.227776,29.63,172.000000,31.744000,,3.420633,75.521024,479.200000
CuTe_DSL,prob1_cfg3_M256_N8192_K2048_L1_cta64x128x64_s3_atom2x2x1_mnn.ncu-rep,256,8192,2048,1,cta64x128x64_s3,void cutlass::Kernel<cutlass_80_simt_sgemm_128x64_8x5_nt_align1>(T1::Params),2,512,128,12.000000,16.000000,16.227549,29.63,172.000000,31.744000,,3.419550,75.572054,479.040000
CuTe_DSL,prob1_cfg4_M256_N8192_K2048_L1_cta64x128x32_s3_atom2x2x1_mnn.ncu-rep,256,8192,2048,1,cta64x128x32_s3,void cutlass::Kernel<cutlass_80_simt_sgemm_128x64_8x5_nt_align1>(T1::Params),2,512,128,12.000000,16.000000,16.229779,29.63,172.000000,31.744000,,3.420185,67.655083,536.512000
CuTe_DSL,prob2_cfg0_M2048_N2048_K16384_L1_cta64x128x64_s4_atom2x2x1_mnn.ncu-rep,2048,2048,16384,1,cta64x128x64_s4,void cutlass::Kernel<cutlass_80_simt_sgemm_128x256_8x4_nt_align1>(T1::Params),2,384,256,6.000000,16.000000,16.655658,22.22,214.000000,50.176000,,3.599508,84.195725,6.200928
CuTe_DSL,prob2_cfg1_M2048_N2048_K16384_L1_cta128x128x16_s3_atom2x2x1_mnn.ncu-rep,2048,2048,16384,1,cta128x128x16_s3,void cutlass::Kernel<cutlass_80_simt_sgemm_128x256_8x4_nt_align1>(T1::Params),2,384,256,6.000000,16.000000,16.674814,22.22,214.000000,50.176000,,3.599990,84.125361,6.202880
CuTe_DSL,prob2_cfg2_M2048_N2048_K16384_L1_cta64x128x32_s4_atom2x2x1_mnn.ncu-rep,2048,2048,16384,1,cta64x128x32_s4,void cutlass::Kernel<cutlass_80_simt_sgemm_128x256_8x4_nt_align1>(T1::Params),2,384,256,6.000000,16.000000,16.656550,22.22,214.000000,50.176000,,3.599621,84.210051,6.201632
CuTe_DSL,prob2_cfg3_M2048_N2048_K16384_L1_cta64x128x64_s3_atom2x2x1_mnn.ncu-rep,2048,2048,16384,1,cta64x128x64_s3,void cutlass::Kernel<cutlass_80_simt_sgemm_128x256_8x4_nt_align1>(T1::Params),2,384,256,6.000000,16.000000,16.659959,22.22,214.000000,50.176000,,3.600033,84.196284,6.200032
CuTe_DSL,prob2_cfg4_M2048_N2048_K16384_L1_cta64x128x32_s3_atom2x2x1_mnn.ncu-rep,2048,2048,16384,1,cta64x128x32_s3,void cutlass::Kernel<cutlass_80_simt_sgemm_128x256_8x4_nt_align1>(T1::Params),2,384,256,6.000000,16.000000,16.656792,22.22,214.000000,50.176000,,3.599892,84.179254,6.201248
CuTe_DSL,prob3_cfg0_M4096_N128_K4096_L1_cta64x128x64_s4_atom2x2x1_mnn.ncu-rep,4096,128,4096,1,cta64x128x64_s4,void cutlass::Kernel<cutlass_80_simt_sgemm_128x256_8x4_nt_align1>(T1::Params),2,64,256,6.000000,16.000000,16.644108,3.70,214.000000,50.176000,,3.351208,61.453475,271.552000
CuTe_DSL,prob3_cfg1_M4096_N128_K4096_L1_cta128x128x16_s3_atom2x2x1_mnn.ncu-rep,4096,128,4096,1,cta128x128x16_s3,void cutlass::Kernel<cutlass_80_simt_sgemm_128x256_8x4_nt_align1>(T1::Params),2,64,256,6.000000,16.000000,16.638840,3.70,214.000000,50.176000,,3.350376,61.565645,270.912000
CuTe_DSL,prob3_cfg2_M4096_N128_K4096_L1_cta64x128x32_s4_atom2x2x1_mnn.ncu-rep,4096,128,4096,1,cta64x128x32_s4,void cutlass::Kernel<cutlass_80_simt_sgemm_128x256_8x4_nt_align1>(T1::Params),2,64,256,6.000000,16.000000,16.648968,3.70,214.000000,50.176000,,3.350159,61.524832,271.264000
CuTe_DSL,prob3_cfg3_M4096_N128_K4096_L1_cta64x128x64_s3_atom2x2x1_mnn.ncu-rep,4096,128,4096,1,cta64x128x64_s3,void cutlass::Kernel<cutlass_80_simt_sgemm_128x256_8x4_nt_align1>(T1::Params),2,64,256,6.000000,16.000000,16.647321,3.70,214.000000,50.176000,,3.350209,61.519167,270.976000
CuTe_DSL,prob3_cfg4_M4096_N128_K4096_L1_cta64x128x32_s3_atom2x2x1_mnn.ncu-rep,4096,128,4096,1,cta64x128x32_s3,void cutlass::Kernel<cutlass_80_simt_sgemm_128x256_8x4_nt_align1>(T1::Params),2,64,256,6.000000,16.000000,16.648085,3.70,214.000000,50.176000,,3.351785,61.573114,270.912000
CuTe_DSL,prob4_cfg0_M4096_N4096_K4096_L1_cta64x128x64_s4_atom2x2x1_mnn.ncu-rep,4096,4096,4096,1,cta64x128x64_s4,void cutlass::Kernel<cutlass_80_simt_sgemm_128x256_8x4_nt_align1>(T1::Params),2,"1,024",256,6.000000,16.000000,16.635924,N/A,214.000000,50.176000,,3.544167,84.952279,6.174784
CuTe_DSL,prob4_cfg1_M4096_N4096_K4096_L1_cta128x128x16_s3_atom2x2x1_mnn.ncu-rep,4096,4096,4096,1,cta128x128x16_s3,void cutlass::Kernel<cutlass_80_simt_sgemm_128x256_8x4_nt_align1>(T1::Params),2,"1,024",256,6.000000,16.000000,16.638109,N/A,214.000000,50.176000,,3.542054,84.977096,6.180544
CuTe_DSL,prob4_cfg2_M4096_N4096_K4096_L1_cta64x128x32_s4_atom2x2x1_mnn.ncu-rep,4096,4096,4096,1,cta64x128x32_s4,void cutlass::Kernel<cutlass_80_simt_sgemm_128x256_8x4_nt_align1>(T1::Params),2,"1,024",256,6.000000,16.000000,16.633619,N/A,214.000000,50.176000,,3.542731,84.923798,6.176928
CuTe_DSL,prob4_cfg3_M4096_N4096_K4096_L1_cta64x128x64_s3_atom2x2x1_mnn.ncu-rep,4096,4096,4096,1,cta64x128x64_s3,void cutlass::Kernel<cutlass_80_simt_sgemm_128x256_8x4_nt_align1>(T1::Params),2,"1,024",256,6.000000,16.000000,16.632836,N/A,214.000000,50.176000,,3.543366,84.919237,6.170272
CuTe_DSL,prob4_cfg4_M4096_N4096_K4096_L1_cta64x128x32_s3_atom2x2x1_mnn.ncu-rep,4096,4096,4096,1,cta64x128x32_s3,void cutlass::Kernel<cutlass_80_simt_sgemm_128x256_8x4_nt_align1>(T1::Params),2,"1,024",256,6.000000,16.000000,16.666600,N/A,214.000000,50.176000,,3.545220,84.813483,6.174688
CUTLASS_CPP,cutlass_api2_M2048_N2048_K16384_L1.ncu-rep,2048,2048,16384,1,N/A,"void cutlass::Kernel<cutlass::gemm::kernel::Gemm<cutlass::gemm::threadblock::MmaPipelined<cutlass::gemm::GemmShape<(int)128, (int)128, (int)64>, cutlass::transform::threadblock::PredicatedTileIterator<cutlass::MatrixShape<(int)128, (int)64>, cutlass::half_t, cutlass::layout::RowMajor, (int)1, cutlass::transform::PitchLinearWarpRakedThreadMap<cutlass::PitchLinearShape<(int)64, (int)128>, (int)128, cutlass::PitchLinearShape<(int)8, (int)4>, (int)8>, (int)8, (bool)0, cutlass::layout::NoPermute>, cutlass::transform::threadblock::RegularTileIterator<cutlass::MatrixShape<(int)128, (int)64>, cutlass::half_t, cutlass::layout::RowMajorTensorOpMultiplicandCrosswise<(int)16, (int)64>, (int)0, cutlass::transform::PitchLinearWarpRakedThreadMap<cutlass::PitchLinearShape<(int)64, (int)128>, (int)128, cutlass::PitchLinearShape<(int)8, (int)4>, (int)8>, (int)16>, cutlass::transform::threadblock::PredicatedTileIterator<cutlass::MatrixShape<(int)64, (int)128>, cutlass::half_t, cutlass::layout::RowMajor, (int)0, cutlass::transform::PitchLinearWarpRakedThreadMap<cutlass::PitchLinearShape<(int)128, (int)64>, (int)128, cutlass::PitchLinearShape<(int)8, (int)4>, (int)8>, (int)8, (bool)0, cutlass::layout::NoPermute>, cutlass::transform::threadblock::RegularTileIterator<cutlass::MatrixShape<(int)64, (int)128>, cutlass::half_t, cutlass::layout::RowMajorTensorOpMultiplicandCongruous<(int)16, (int)64>, (int)0, cutlass::transform::PitchLinearWarpRakedThreadMap<cutlass::PitchLinearShape<(int)128, (int)64>, (int)128, cutlass::PitchLinearShape<(int)8, (int)4>, (int)8>, (int)16>, float, cutlass::layout::RowMajor, cutlass::gemm::threadblock::MmaPolicy<cutlass::gemm::warp::MmaTensorOp<cutlass::gemm::GemmShape<(int)64, (int)64, (int)64>, cutlass::half_t, cutlass::layout::RowMajorTensorOpMultiplicandCrosswise<(int)16, (int)64>, cutlass::half_t, cutlass::layout::RowMajorTensorOpMultiplicandCongruous<(int)16, (int)64>, float, cutlass::layout::RowMajor, cutlass::gemm::warp::MmaTensorOpPolicy<cutlass::arch::Mma<cutlass::gemm::GemmShape<(int)16, (int)8, (int)8>, (int)32, cutlass::half_t, cutlass::layout::RowMajor, cutlass::half_t, cutlass::layout::ColumnMajor, float, cutlass::layout::RowMajor, cutlass::arch::OpMultiplyAdd>, cutlass::MatrixShape<(int)1, (int)1>>, (int)1, (bool)0, bool>, cutlass::MatrixShape<(int)0, (int)0>, cutlass::MatrixShape<(int)0, (int)0>, (int)1>, cutlass::NumericArrayConverter<cutlass::half_t, cutlass::half_t, (int)64, (cutlass::FloatRoundStyle)2, cutlass::transform::thread::UnaryTransform::Identity>, cutlass::NumericArrayConverter<cutlass::half_t, cutlass::half_t, (int)64, (cutlass::FloatRoundStyle)2, cutlass::transform::thread::UnaryTransform::Identity>, bool>, cutlass::epilogue::threadblock::Epilogue<cutlass::gemm::GemmShape<(int)128, (int)128, (int)64>, cutlass::gemm::warp::MmaTensorOp<cutlass::gemm::GemmShape<(int)64, (int)64, (int)64>, cutlass::half_t, cutlass::layout::RowMajorTensorOpMultiplicandCrosswise<(int)16, (int)64>, cutlass::half_t, cutlass::layout::RowMajorTensorOpMultiplicandCongruous<(int)16, (int)64>, float, cutlass::layout::RowMajor, cutlass::gemm::warp::MmaTensorOpPolicy<cutlass::arch::Mma<cutlass::gemm::GemmShape<(int)16, (int)8, (int)8>, (int)32, cutlass::half_t, cutlass::layout::RowMajor, cutlass::half_t, cutlass::layout::ColumnMajor, float, cutlass::layout::RowMajor, cutlass::arch::OpMultiplyAdd>, cutlass::MatrixShape<(int)1, (int)1>>, (int)1, (bool)0, bool>, (int)1, cutlass::epilogue::threadblock::PredicatedTileIterator<cutlass::epilogue::threadblock::OutputTileOptimalThreadMap<cutlass::epilogue::threadblock::OutputTileShape<(int)128, (int)8, (int)2, (int)1, (int)1>, cutlass::epilogue::threadblock::OutputTileShape<(int)1, (int)8, (int)1, (int)1, (int)8>, (int)128, (int)8, (int)16>, cutlass::half_t, (bool)0, cutlass::layout::NoPermute, (bool)0>, cutlass::epilogue::warp::FragmentIteratorTensorOp<cutlass::gemm::GemmShape<(int)64, (int)64, (int)64>, cutlass::gemm::GemmShape<(int)16, (int)8, (int)8>, float, cutlass::Array<float, (int)4, (bool)1>, cutlass::layout::RowMajor>, cutlass::epilogue::warp::TileIteratorTensorOpMixed<cutlass::gemm::GemmShape<(int)64, (int)64, (int)64>, cutlass::gemm::GemmShape<(int)16, (int)8, (int)8>, float, (int)32, (int)16, (int)8, (int)8, (bool)0>, cutlass::epilogue::threadblock::SharedLoadIteratorMixed<cutlass::epilogue::threadblock::OutputTileOptimalThreadMap<cutlass::epilogue::threadblock::OutputTileShape<(int)128, (int)8, (int)2, (int)1, (int)1>, cutlass::epilogue::threadblock::OutputTileShape<(int)1, (int)8, (int)1, (int)1, (int)8>, (int)128, (int)8, (int)16>::CompactedThreadMap, float, (int)32, (int)16, (int)8, (int)8, (bool)0>, cutlass::epilogue::thread::LinearCombination<cutlass::half_t, (int)8, float, float, (cutlass::epilogue::thread::ScaleType::Kind)0, (cutlass::FloatRoundStyle)2, cutlass::half_t>, cutlass::MatrixShape<(int)0, (int)8>, (int)2, (int)1>, cutlass::gemm::threadblock::GemmIdentityThreadblockSwizzle<(int)1>, (bool)0>>(T1::Params)",0,256,128,12.000000,16.000000,8.323669,14.81,255.000000,66.560000,,0.373441,32.605132,3.608192
CUTLASS_CPP,cutlass_api2_M256_N2048_K8192_L1.ncu-rep,256,2048,8192,1,N/A,"void cutlass::Kernel<cutlass::gemm::kernel::Gemm<cutlass::gemm::threadblock::MmaPipelined<cutlass::gemm::GemmShape<(int)128, (int)128, (int)64>, cutlass::transform::threadblock::PredicatedTileIterator<cutlass::MatrixShape<(int)128, (int)64>, cutlass::half_t, cutlass::layout::RowMajor, (int)1, cutlass::transform::PitchLinearWarpRakedThreadMap<cutlass::PitchLinearShape<(int)64, (int)128>, (int)128, cutlass::PitchLinearShape<(int)8, (int)4>, (int)8>, (int)8, (bool)0, cutlass::layout::NoPermute>, cutlass::transform::threadblock::RegularTileIterator<cutlass::MatrixShape<(int)128, (int)64>, cutlass::half_t, cutlass::layout::RowMajorTensorOpMultiplicandCrosswise<(int)16, (int)64>, (int)0, cutlass::transform::PitchLinearWarpRakedThreadMap<cutlass::PitchLinearShape<(int)64, (int)128>, (int)128, cutlass::PitchLinearShape<(int)8, (int)4>, (int)8>, (int)16>, cutlass::transform::threadblock::PredicatedTileIterator<cutlass::MatrixShape<(int)64, (int)128>, cutlass::half_t, cutlass::layout::RowMajor, (int)0, cutlass::transform::PitchLinearWarpRakedThreadMap<cutlass::PitchLinearShape<(int)128, (int)64>, (int)128, cutlass::PitchLinearShape<(int)8, (int)4>, (int)8>, (int)8, (bool)0, cutlass::layout::NoPermute>, cutlass::transform::threadblock::RegularTileIterator<cutlass::MatrixShape<(int)64, (int)128>, cutlass::half_t, cutlass::layout::RowMajorTensorOpMultiplicandCongruous<(int)16, (int)64>, (int)0, cutlass::transform::PitchLinearWarpRakedThreadMap<cutlass::PitchLinearShape<(int)128, (int)64>, (int)128, cutlass::PitchLinearShape<(int)8, (int)4>, (int)8>, (int)16>, float, cutlass::layout::RowMajor, cutlass::gemm::threadblock::MmaPolicy<cutlass::gemm::warp::MmaTensorOp<cutlass::gemm::GemmShape<(int)64, (int)64, (int)64>, cutlass::half_t, cutlass::layout::RowMajorTensorOpMultiplicandCrosswise<(int)16, (int)64>, cutlass::half_t, cutlass::layout::RowMajorTensorOpMultiplicandCongruous<(int)16, (int)64>, float, cutlass::layout::RowMajor, cutlass::gemm::warp::MmaTensorOpPolicy<cutlass::arch::Mma<cutlass::gemm::GemmShape<(int)16, (int)8, (int)8>, (int)32, cutlass::half_t, cutlass::layout::RowMajor, cutlass::half_t, cutlass::layout::ColumnMajor, float, cutlass::layout::RowMajor, cutlass::arch::OpMultiplyAdd>, cutlass::MatrixShape<(int)1, (int)1>>, (int)1, (bool)0, bool>, cutlass::MatrixShape<(int)0, (int)0>, cutlass::MatrixShape<(int)0, (int)0>, (int)1>, cutlass::NumericArrayConverter<cutlass::half_t, cutlass::half_t, (int)64, (cutlass::FloatRoundStyle)2, cutlass::transform::thread::UnaryTransform::Identity>, cutlass::NumericArrayConverter<cutlass::half_t, cutlass::half_t, (int)64, (cutlass::FloatRoundStyle)2, cutlass::transform::thread::UnaryTransform::Identity>, bool>, cutlass::epilogue::threadblock::Epilogue<cutlass::gemm::GemmShape<(int)128, (int)128, (int)64>, cutlass::gemm::warp::MmaTensorOp<cutlass::gemm::GemmShape<(int)64, (int)64, (int)64>, cutlass::half_t, cutlass::layout::RowMajorTensorOpMultiplicandCrosswise<(int)16, (int)64>, cutlass::half_t, cutlass::layout::RowMajorTensorOpMultiplicandCongruous<(int)16, (int)64>, float, cutlass::layout::RowMajor, cutlass::gemm::warp::MmaTensorOpPolicy<cutlass::arch::Mma<cutlass::gemm::GemmShape<(int)16, (int)8, (int)8>, (int)32, cutlass::half_t, cutlass::layout::RowMajor, cutlass::half_t, cutlass::layout::ColumnMajor, float, cutlass::layout::RowMajor, cutlass::arch::OpMultiplyAdd>, cutlass::MatrixShape<(int)1, (int)1>>, (int)1, (bool)0, bool>, (int)1, cutlass::epilogue::threadblock::PredicatedTileIterator<cutlass::epilogue::threadblock::OutputTileOptimalThreadMap<cutlass::epilogue::threadblock::OutputTileShape<(int)128, (int)8, (int)2, (int)1, (int)1>, cutlass::epilogue::threadblock::OutputTileShape<(int)1, (int)8, (int)1, (int)1, (int)8>, (int)128, (int)8, (int)16>, cutlass::half_t, (bool)0, cutlass::layout::NoPermute, (bool)0>, cutlass::epilogue::warp::FragmentIteratorTensorOp<cutlass::gemm::GemmShape<(int)64, (int)64, (int)64>, cutlass::gemm::GemmShape<(int)16, (int)8, (int)8>, float, cutlass::Array<float, (int)4, (bool)1>, cutlass::layout::RowMajor>, cutlass::epilogue::warp::TileIteratorTensorOpMixed<cutlass::gemm::GemmShape<(int)64, (int)64, (int)64>, cutlass::gemm::GemmShape<(int)16, (int)8, (int)8>, float, (int)32, (int)16, (int)8, (int)8, (bool)0>, cutlass::epilogue::threadblock::SharedLoadIteratorMixed<cutlass::epilogue::threadblock::OutputTileOptimalThreadMap<cutlass::epilogue::threadblock::OutputTileShape<(int)128, (int)8, (int)2, (int)1, (int)1>, cutlass::epilogue::threadblock::OutputTileShape<(int)1, (int)8, (int)1, (int)1, (int)8>, (int)128, (int)8, (int)16>::CompactedThreadMap, float, (int)32, (int)16, (int)8, (int)8, (bool)0>, cutlass::epilogue::thread::LinearCombination<cutlass::half_t, (int)8, float, float, (cutlass::epilogue::thread::ScaleType::Kind)0, (cutlass::FloatRoundStyle)2, cutlass::half_t>, cutlass::MatrixShape<(int)0, (int)8>, (int)2, (int)1>, cutlass::gemm::threadblock::GemmIdentityThreadblockSwizzle<(int)1>, (bool)0>>(T1::Params)",0,32,128,12.000000,16.000000,8.325850,1.85,255.000000,66.560000,,0.385622,16.704016,441.568000
CUTLASS_CPP,cutlass_api2_M256_N8192_K2048_L1.ncu-rep,256,8192,2048,1,N/A,"void cutlass::Kernel<cutlass::gemm::kernel::Gemm<cutlass::gemm::threadblock::MmaPipelined<cutlass::gemm::GemmShape<(int)128, (int)128, (int)64>, cutlass::transform::threadblock::PredicatedTileIterator<cutlass::MatrixShape<(int)128, (int)64>, cutlass::half_t, cutlass::layout::RowMajor, (int)1, cutlass::transform::PitchLinearWarpRakedThreadMap<cutlass::PitchLinearShape<(int)64, (int)128>, (int)128, cutlass::PitchLinearShape<(int)8, (int)4>, (int)8>, (int)8, (bool)0, cutlass::layout::NoPermute>, cutlass::transform::threadblock::RegularTileIterator<cutlass::MatrixShape<(int)128, (int)64>, cutlass::half_t, cutlass::layout::RowMajorTensorOpMultiplicandCrosswise<(int)16, (int)64>, (int)0, cutlass::transform::PitchLinearWarpRakedThreadMap<cutlass::PitchLinearShape<(int)64, (int)128>, (int)128, cutlass::PitchLinearShape<(int)8, (int)4>, (int)8>, (int)16>, cutlass::transform::threadblock::PredicatedTileIterator<cutlass::MatrixShape<(int)64, (int)128>, cutlass::half_t, cutlass::layout::RowMajor, (int)0, cutlass::transform::PitchLinearWarpRakedThreadMap<cutlass::PitchLinearShape<(int)128, (int)64>, (int)128, cutlass::PitchLinearShape<(int)8, (int)4>, (int)8>, (int)8, (bool)0, cutlass::layout::NoPermute>, cutlass::transform::threadblock::RegularTileIterator<cutlass::MatrixShape<(int)64, (int)128>, cutlass::half_t, cutlass::layout::RowMajorTensorOpMultiplicandCongruous<(int)16, (int)64>, (int)0, cutlass::transform::PitchLinearWarpRakedThreadMap<cutlass::PitchLinearShape<(int)128, (int)64>, (int)128, cutlass::PitchLinearShape<(int)8, (int)4>, (int)8>, (int)16>, float, cutlass::layout::RowMajor, cutlass::gemm::threadblock::MmaPolicy<cutlass::gemm::warp::MmaTensorOp<cutlass::gemm::GemmShape<(int)64, (int)64, (int)64>, cutlass::half_t, cutlass::layout::RowMajorTensorOpMultiplicandCrosswise<(int)16, (int)64>, cutlass::half_t, cutlass::layout::RowMajorTensorOpMultiplicandCongruous<(int)16, (int)64>, float, cutlass::layout::RowMajor, cutlass::gemm::warp::MmaTensorOpPolicy<cutlass::arch::Mma<cutlass::gemm::GemmShape<(int)16, (int)8, (int)8>, (int)32, cutlass::half_t, cutlass::layout::RowMajor, cutlass::half_t, cutlass::layout::ColumnMajor, float, cutlass::layout::RowMajor, cutlass::arch::OpMultiplyAdd>, cutlass::MatrixShape<(int)1, (int)1>>, (int)1, (bool)0, bool>, cutlass::MatrixShape<(int)0, (int)0>, cutlass::MatrixShape<(int)0, (int)0>, (int)1>, cutlass::NumericArrayConverter<cutlass::half_t, cutlass::half_t, (int)64, (cutlass::FloatRoundStyle)2, cutlass::transform::thread::UnaryTransform::Identity>, cutlass::NumericArrayConverter<cutlass::half_t, cutlass::half_t, (int)64, (cutlass::FloatRoundStyle)2, cutlass::transform::thread::UnaryTransform::Identity>, bool>, cutlass::epilogue::threadblock::Epilogue<cutlass::gemm::GemmShape<(int)128, (int)128, (int)64>, cutlass::gemm::warp::MmaTensorOp<cutlass::gemm::GemmShape<(int)64, (int)64, (int)64>, cutlass::half_t, cutlass::layout::RowMajorTensorOpMultiplicandCrosswise<(int)16, (int)64>, cutlass::half_t, cutlass::layout::RowMajorTensorOpMultiplicandCongruous<(int)16, (int)64>, float, cutlass::layout::RowMajor, cutlass::gemm::warp::MmaTensorOpPolicy<cutlass::arch::Mma<cutlass::gemm::GemmShape<(int)16, (int)8, (int)8>, (int)32, cutlass::half_t, cutlass::layout::RowMajor, cutlass::half_t, cutlass::layout::ColumnMajor, float, cutlass::layout::RowMajor, cutlass::arch::OpMultiplyAdd>, cutlass::MatrixShape<(int)1, (int)1>>, (int)1, (bool)0, bool>, (int)1, cutlass::epilogue::threadblock::PredicatedTileIterator<cutlass::epilogue::threadblock::OutputTileOptimalThreadMap<cutlass::epilogue::threadblock::OutputTileShape<(int)128, (int)8, (int)2, (int)1, (int)1>, cutlass::epilogue::threadblock::OutputTileShape<(int)1, (int)8, (int)1, (int)1, (int)8>, (int)128, (int)8, (int)16>, cutlass::half_t, (bool)0, cutlass::layout::NoPermute, (bool)0>, cutlass::epilogue::warp::FragmentIteratorTensorOp<cutlass::gemm::GemmShape<(int)64, (int)64, (int)64>, cutlass::gemm::GemmShape<(int)16, (int)8, (int)8>, float, cutlass::Array<float, (int)4, (bool)1>, cutlass::layout::RowMajor>, cutlass::epilogue::warp::TileIteratorTensorOpMixed<cutlass::gemm::GemmShape<(int)64, (int)64, (int)64>, cutlass::gemm::GemmShape<(int)16, (int)8, (int)8>, float, (int)32, (int)16, (int)8, (int)8, (bool)0>, cutlass::epilogue::threadblock::SharedLoadIteratorMixed<cutlass::epilogue::threadblock::OutputTileOptimalThreadMap<cutlass::epilogue::threadblock::OutputTileShape<(int)128, (int)8, (int)2, (int)1, (int)1>, cutlass::epilogue::threadblock::OutputTileShape<(int)1, (int)8, (int)1, (int)1, (int)8>, (int)128, (int)8, (int)16>::CompactedThreadMap, float, (int)32, (int)16, (int)8, (int)8, (bool)0>, cutlass::epilogue::thread::LinearCombination<cutlass::half_t, (int)8, float, float, (cutlass::epilogue::thread::ScaleType::Kind)0, (cutlass::FloatRoundStyle)2, cutlass::half_t>, cutlass::MatrixShape<(int)0, (int)8>, (int)2, (int)1>, cutlass::gemm::threadblock::GemmIdentityThreadblockSwizzle<(int)1>, (bool)0>>(T1::Params)",0,128,128,12.000000,16.000000,8.302304,7.41,255.000000,66.560000,,0.394055,31.986478,230.688000
CUTLASS_CPP,cutlass_api2_M4096_N128_K4096_L1.ncu-rep,4096,128,4096,1,N/A,"void cutlass::Kernel<cutlass::gemm::kernel::Gemm<cutlass::gemm::threadblock::MmaPipelined<cutlass::gemm::GemmShape<(int)128, (int)128, (int)64>, cutlass::transform::threadblock::PredicatedTileIterator<cutlass::MatrixShape<(int)128, (int)64>, cutlass::half_t, cutlass::layout::RowMajor, (int)1, cutlass::transform::PitchLinearWarpRakedThreadMap<cutlass::PitchLinearShape<(int)64, (int)128>, (int)128, cutlass::PitchLinearShape<(int)8, (int)4>, (int)8>, (int)8, (bool)0, cutlass::layout::NoPermute>, cutlass::transform::threadblock::RegularTileIterator<cutlass::MatrixShape<(int)128, (int)64>, cutlass::half_t, cutlass::layout::RowMajorTensorOpMultiplicandCrosswise<(int)16, (int)64>, (int)0, cutlass::transform::PitchLinearWarpRakedThreadMap<cutlass::PitchLinearShape<(int)64, (int)128>, (int)128, cutlass::PitchLinearShape<(int)8, (int)4>, (int)8>, (int)16>, cutlass::transform::threadblock::PredicatedTileIterator<cutlass::MatrixShape<(int)64, (int)128>, cutlass::half_t, cutlass::layout::RowMajor, (int)0, cutlass::transform::PitchLinearWarpRakedThreadMap<cutlass::PitchLinearShape<(int)128, (int)64>, (int)128, cutlass::PitchLinearShape<(int)8, (int)4>, (int)8>, (int)8, (bool)0, cutlass::layout::NoPermute>, cutlass::transform::threadblock::RegularTileIterator<cutlass::MatrixShape<(int)64, (int)128>, cutlass::half_t, cutlass::layout::RowMajorTensorOpMultiplicandCongruous<(int)16, (int)64>, (int)0, cutlass::transform::PitchLinearWarpRakedThreadMap<cutlass::PitchLinearShape<(int)128, (int)64>, (int)128, cutlass::PitchLinearShape<(int)8, (int)4>, (int)8>, (int)16>, float, cutlass::layout::RowMajor, cutlass::gemm::threadblock::MmaPolicy<cutlass::gemm::warp::MmaTensorOp<cutlass::gemm::GemmShape<(int)64, (int)64, (int)64>, cutlass::half_t, cutlass::layout::RowMajorTensorOpMultiplicandCrosswise<(int)16, (int)64>, cutlass::half_t, cutlass::layout::RowMajorTensorOpMultiplicandCongruous<(int)16, (int)64>, float, cutlass::layout::RowMajor, cutlass::gemm::warp::MmaTensorOpPolicy<cutlass::arch::Mma<cutlass::gemm::GemmShape<(int)16, (int)8, (int)8>, (int)32, cutlass::half_t, cutlass::layout::RowMajor, cutlass::half_t, cutlass::layout::ColumnMajor, float, cutlass::layout::RowMajor, cutlass::arch::OpMultiplyAdd>, cutlass::MatrixShape<(int)1, (int)1>>, (int)1, (bool)0, bool>, cutlass::MatrixShape<(int)0, (int)0>, cutlass::MatrixShape<(int)0, (int)0>, (int)1>, cutlass::NumericArrayConverter<cutlass::half_t, cutlass::half_t, (int)64, (cutlass::FloatRoundStyle)2, cutlass::transform::thread::UnaryTransform::Identity>, cutlass::NumericArrayConverter<cutlass::half_t, cutlass::half_t, (int)64, (cutlass::FloatRoundStyle)2, cutlass::transform::thread::UnaryTransform::Identity>, bool>, cutlass::epilogue::threadblock::Epilogue<cutlass::gemm::GemmShape<(int)128, (int)128, (int)64>, cutlass::gemm::warp::MmaTensorOp<cutlass::gemm::GemmShape<(int)64, (int)64, (int)64>, cutlass::half_t, cutlass::layout::RowMajorTensorOpMultiplicandCrosswise<(int)16, (int)64>, cutlass::half_t, cutlass::layout::RowMajorTensorOpMultiplicandCongruous<(int)16, (int)64>, float, cutlass::layout::RowMajor, cutlass::gemm::warp::MmaTensorOpPolicy<cutlass::arch::Mma<cutlass::gemm::GemmShape<(int)16, (int)8, (int)8>, (int)32, cutlass::half_t, cutlass::layout::RowMajor, cutlass::half_t, cutlass::layout::ColumnMajor, float, cutlass::layout::RowMajor, cutlass::arch::OpMultiplyAdd>, cutlass::MatrixShape<(int)1, (int)1>>, (int)1, (bool)0, bool>, (int)1, cutlass::epilogue::threadblock::PredicatedTileIterator<cutlass::epilogue::threadblock::OutputTileOptimalThreadMap<cutlass::epilogue::threadblock::OutputTileShape<(int)128, (int)8, (int)2, (int)1, (int)1>, cutlass::epilogue::threadblock::OutputTileShape<(int)1, (int)8, (int)1, (int)1, (int)8>, (int)128, (int)8, (int)16>, cutlass::half_t, (bool)0, cutlass::layout::NoPermute, (bool)0>, cutlass::epilogue::warp::FragmentIteratorTensorOp<cutlass::gemm::GemmShape<(int)64, (int)64, (int)64>, cutlass::gemm::GemmShape<(int)16, (int)8, (int)8>, float, cutlass::Array<float, (int)4, (bool)1>, cutlass::layout::RowMajor>, cutlass::epilogue::warp::TileIteratorTensorOpMixed<cutlass::gemm::GemmShape<(int)64, (int)64, (int)64>, cutlass::gemm::GemmShape<(int)16, (int)8, (int)8>, float, (int)32, (int)16, (int)8, (int)8, (bool)0>, cutlass::epilogue::threadblock::SharedLoadIteratorMixed<cutlass::epilogue::threadblock::OutputTileOptimalThreadMap<cutlass::epilogue::threadblock::OutputTileShape<(int)128, (int)8, (int)2, (int)1, (int)1>, cutlass::epilogue::threadblock::OutputTileShape<(int)1, (int)8, (int)1, (int)1, (int)8>, (int)128, (int)8, (int)16>::CompactedThreadMap, float, (int)32, (int)16, (int)8, (int)8, (bool)0>, cutlass::epilogue::thread::LinearCombination<cutlass::half_t, (int)8, float, float, (cutlass::epilogue::thread::ScaleType::Kind)0, (cutlass::FloatRoundStyle)2, cutlass::half_t>, cutlass::MatrixShape<(int)0, (int)8>, (int)2, (int)1>, cutlass::gemm::threadblock::GemmIdentityThreadblockSwizzle<(int)1>, (bool)0>>(T1::Params)",0,32,128,12.000000,16.000000,8.334064,1.85,255.000000,66.560000,,0.365926,15.339673,240.672000
CUTLASS_CPP,cutlass_api2_M4096_N4096_K4096_L1.ncu-rep,4096,4096,4096,1,N/A,"void cutlass::Kernel<cutlass::gemm::kernel::Gemm<cutlass::gemm::threadblock::MmaPipelined<cutlass::gemm::GemmShape<(int)128, (int)128, (int)64>, cutlass::transform::threadblock::PredicatedTileIterator<cutlass::MatrixShape<(int)128, (int)64>, cutlass::half_t, cutlass::layout::RowMajor, (int)1, cutlass::transform::PitchLinearWarpRakedThreadMap<cutlass::PitchLinearShape<(int)64, (int)128>, (int)128, cutlass::PitchLinearShape<(int)8, (int)4>, (int)8>, (int)8, (bool)0, cutlass::layout::NoPermute>, cutlass::transform::threadblock::RegularTileIterator<cutlass::MatrixShape<(int)128, (int)64>, cutlass::half_t, cutlass::layout::RowMajorTensorOpMultiplicandCrosswise<(int)16, (int)64>, (int)0, cutlass::transform::PitchLinearWarpRakedThreadMap<cutlass::PitchLinearShape<(int)64, (int)128>, (int)128, cutlass::PitchLinearShape<(int)8, (int)4>, (int)8>, (int)16>, cutlass::transform::threadblock::PredicatedTileIterator<cutlass::MatrixShape<(int)64, (int)128>, cutlass::half_t, cutlass::layout::RowMajor, (int)0, cutlass::transform::PitchLinearWarpRakedThreadMap<cutlass::PitchLinearShape<(int)128, (int)64>, (int)128, cutlass::PitchLinearShape<(int)8, (int)4>, (int)8>, (int)8, (bool)0, cutlass::layout::NoPermute>, cutlass::transform::threadblock::RegularTileIterator<cutlass::MatrixShape<(int)64, (int)128>, cutlass::half_t, cutlass::layout::RowMajorTensorOpMultiplicandCongruous<(int)16, (int)64>, (int)0, cutlass::transform::PitchLinearWarpRakedThreadMap<cutlass::PitchLinearShape<(int)128, (int)64>, (int)128, cutlass::PitchLinearShape<(int)8, (int)4>, (int)8>, (int)16>, float, cutlass::layout::RowMajor, cutlass::gemm::threadblock::MmaPolicy<cutlass::gemm::warp::MmaTensorOp<cutlass::gemm::GemmShape<(int)64, (int)64, (int)64>, cutlass::half_t, cutlass::layout::RowMajorTensorOpMultiplicandCrosswise<(int)16, (int)64>, cutlass::half_t, cutlass::layout::RowMajorTensorOpMultiplicandCongruous<(int)16, (int)64>, float, cutlass::layout::RowMajor, cutlass::gemm::warp::MmaTensorOpPolicy<cutlass::arch::Mma<cutlass::gemm::GemmShape<(int)16, (int)8, (int)8>, (int)32, cutlass::half_t, cutlass::layout::RowMajor, cutlass::half_t, cutlass::layout::ColumnMajor, float, cutlass::layout::RowMajor, cutlass::arch::OpMultiplyAdd>, cutlass::MatrixShape<(int)1, (int)1>>, (int)1, (bool)0, bool>, cutlass::MatrixShape<(int)0, (int)0>, cutlass::MatrixShape<(int)0, (int)0>, (int)1>, cutlass::NumericArrayConverter<cutlass::half_t, cutlass::half_t, (int)64, (cutlass::FloatRoundStyle)2, cutlass::transform::thread::UnaryTransform::Identity>, cutlass::NumericArrayConverter<cutlass::half_t, cutlass::half_t, (int)64, (cutlass::FloatRoundStyle)2, cutlass::transform::thread::UnaryTransform::Identity>, bool>, cutlass::epilogue::threadblock::Epilogue<cutlass::gemm::GemmShape<(int)128, (int)128, (int)64>, cutlass::gemm::warp::MmaTensorOp<cutlass::gemm::GemmShape<(int)64, (int)64, (int)64>, cutlass::half_t, cutlass::layout::RowMajorTensorOpMultiplicandCrosswise<(int)16, (int)64>, cutlass::half_t, cutlass::layout::RowMajorTensorOpMultiplicandCongruous<(int)16, (int)64>, float, cutlass::layout::RowMajor, cutlass::gemm::warp::MmaTensorOpPolicy<cutlass::arch::Mma<cutlass::gemm::GemmShape<(int)16, (int)8, (int)8>, (int)32, cutlass::half_t, cutlass::layout::RowMajor, cutlass::half_t, cutlass::layout::ColumnMajor, float, cutlass::layout::RowMajor, cutlass::arch::OpMultiplyAdd>, cutlass::MatrixShape<(int)1, (int)1>>, (int)1, (bool)0, bool>, (int)1, cutlass::epilogue::threadblock::PredicatedTileIterator<cutlass::epilogue::threadblock::OutputTileOptimalThreadMap<cutlass::epilogue::threadblock::OutputTileShape<(int)128, (int)8, (int)2, (int)1, (int)1>, cutlass::epilogue::threadblock::OutputTileShape<(int)1, (int)8, (int)1, (int)1, (int)8>, (int)128, (int)8, (int)16>, cutlass::half_t, (bool)0, cutlass::layout::NoPermute, (bool)0>, cutlass::epilogue::warp::FragmentIteratorTensorOp<cutlass::gemm::GemmShape<(int)64, (int)64, (int)64>, cutlass::gemm::GemmShape<(int)16, (int)8, (int)8>, float, cutlass::Array<float, (int)4, (bool)1>, cutlass::layout::RowMajor>, cutlass::epilogue::warp::TileIteratorTensorOpMixed<cutlass::gemm::GemmShape<(int)64, (int)64, (int)64>, cutlass::gemm::GemmShape<(int)16, (int)8, (int)8>, float, (int)32, (int)16, (int)8, (int)8, (bool)0>, cutlass::epilogue::threadblock::SharedLoadIteratorMixed<cutlass::epilogue::threadblock::OutputTileOptimalThreadMap<cutlass::epilogue::threadblock::OutputTileShape<(int)128, (int)8, (int)2, (int)1, (int)1>, cutlass::epilogue::threadblock::OutputTileShape<(int)1, (int)8, (int)1, (int)1, (int)8>, (int)128, (int)8, (int)16>::CompactedThreadMap, float, (int)32, (int)16, (int)8, (int)8, (bool)0>, cutlass::epilogue::thread::LinearCombination<cutlass::half_t, (int)8, float, float, (cutlass::epilogue::thread::ScaleType::Kind)0, (cutlass::FloatRoundStyle)2, cutlass::half_t>, cutlass::MatrixShape<(int)0, (int)8>, (int)2, (int)1>, cutlass::gemm::threadblock::GemmIdentityThreadblockSwizzle<(int)1>, (bool)0>>(T1::Params)",0,"1,024",128,12.000000,16.000000,8.326722,N/A,255.000000,66.560000,,0.384581,40.171253,2.927008
